id,date,steps,total_sedentary_time,total_light_active_time,total_moderate_active_time,total_very_active_time,total_time,sleep_records,total_time_asleep,total_time_in_bed,avg_heart_rate,weight_kg,weight_lbs,body_fat,bmi,tracked_with_scale,log_id
1503960366,2016-04-12,13158,1074,328,13,25,1440,1,327,346,0,0.0,0.0,0,0.0,false,0
1503960366,2016-04-13,10735,1183,217,19,21,1440,2,384,407,0,0.0,0.0,0,0.0,false,0
1503960366,2016-04-14,10460,1218,181,11,30,1440,0,0,0,0,0.0,0.0,0,0.0,false,0
1503960366,2016-04-15,9685,1168,209,34,29,1440,1,412,442,0,0.0,0.0,0,0.0,false,0
1503960366,2016-04-16,12669,1173,221,10,36,1440,2,340,367,0,0.0,0.0,0,0.0,false,0
1503960366,2016-04-17,9705,1218,164,20,38,1440,1,700,712,0,0.0,0.0,0,0.0,false,0
1503960366,2016-04-18,13019,1149,233,16,42,1440,0,0,0,0,0.0,0.0,0,0.0,false,0
1503960366,2016-04-19,15506,1095,264,31,50,1440,1,304,320,0,0.0,0.0,0,0.0,false,0
1503960366,2016-04-20,10544,1195,205,12,28,1440,1,360,377,0,0.0,0.0,0,0.0,false,0
1503960366,2016-04-21,9819,1202,211,8,19,1440,1,325,364,0,0.0,0.0,0,0.0,false,0
1503960366,2016-04-22,12764,1217,130,27,66,1440,0,0,0,0,0.0,0.0,0,0.0,false,0
1503960366,2016-04-23,14371,1116,262,21,41,1440,1,361,384,0,0.0,0.0,0,0.0,false,0
1503960366,2016-04-24,10039,1158,238,5,39,1440,1,430,449,0,0.0,0.0,0,0.0,false,0
1503960366,2016-04-25,15355,1137,216,14,73,1440,1,277,323,0,0.0,0.0,0,0.0,false,0
1503960366,2016-04-26,13755,1107,279,23,31,1440,1,245,274,0,0.0,0.0,0,0.0,false,0
1503960366,2016-04-27,18125,1108,243,11,78,1440,0,0,0,0,0.0,0.0,0,0.0,false,0
1503960366,2016-04-28,13091,1175,189,28,48,1440,1,366,393,0,0.0,0.0,0,0.0,false,0
1503960366,2016-04-29,11181,1169,243,12,16,1440,1,341,354,0,0.0,0.0,0,0.0,false,0
1503960366,2016-04-30,14673,1137,217,34,52,1440,1,404,425,0,0.0,0.0,0,0.0,false,0
1503960366,2016-05-01,10602,1126,246,35,33,1440,1,369,396,0,0.0,0.0,0,0.0,false,0
1503960366,2016-05-02,14710,1107,277,15,41,1440,1,277,309,0,52.6,116.0,22,22.6,false,1462233599000
1503960366,2016-05-03,15103,1112,254,24,50,1440,1,273,296,0,52.6,116.0,0,22.6,false,1462319999000
1503960366,2016-05-04,11100,1179,203,22,36,1440,0,0,0,0,0.0,0.0,0,0.0,false,0
1503960366,2016-05-05,14047,1121,250,24,45,1440,1,247,264,0,0.0,0.0,0,0.0,false,0
1503960366,2016-05-06,12159,1121,289,6,24,1440,1,334,367,0,0.0,0.0,0,0.0,false,0
1503960366,2016-05-07,11992,1182,175,46,37,1440,1,331,349,0,0.0,0.0,0,0.0,false,0
1503960366,2016-05-08,10060,1185,203,8,44,1440,1,594,611,0,0.0,0.0,0,0.0,false,0
1503960366,2016-05-09,12022,1177,206,11,46,1440,1,338,342,0,0.0,0.0,0,0.0,false,0
1503960366,2016-05-10,12207,1149,214,31,46,1440,1,383,403,0,0.0,0.0,0,0.0,false,0
1503960366,2016-05-11,11890,962,239,23,36,1260,1,285,306,0,0.0,0.0,0,0.0,false,0
1503960366,2016-05-12,0,0,0,0,0,0,0,0,0,0,0.0,0.0,0,0.0,false,0
1624580081,2016-04-12,8163,1294,146,0,0,1440,0,0,0,0,0.0,0.0,0,0.0,false,0
1624580081,2016-04-13,7007,1292,148,0,0,1440,0,0,0,0,0.0,0.0,0,0.0,false,0
1624580081,2016-04-14,9107,1204,236,0,0,1440,0,0,0,0,0.0,0.0,0,0.0,false,0
1624580081,2016-04-15,1490,1344,96,0,0,1440,0,0,0,0,0.0,0.0,0,0.0,false,0
1624580081,2016-04-16,5370,1264,176,0,0,1440,0,0,0,0,0.0,0.0,0,0.0,false,0
1624580081,2016-04-17,6150,1276,127,22,15,1440,0,0,0,0,0.0,0.0,0,0.0,false,0
1624580081,2016-04-18,10536,1214,202,7,17,1440,0,0,0,0,0.0,0.0,0,0.0,false,0
1624580081,2016-04-19,2916,1299,141,0,0,1440,0,0,0,0,0.0,0.0,0,0.0,false,0
1624580081,2016-04-20,4974,1289,151,0,0,1440,0,0,0,0,0.0,0.0,0,0.0,false,0
1624580081,2016-04-21,6349,1254,186,0,0,1440,0,0,0,0,0.0,0.0,0,0.0,false,0
1624580081,2016-04-22,4002,1241,199,0,0,1440,0,0,0,0,0.0,0.0,0,0.0,false,0
1624580081,2016-04-23,8538,1213,227,0,0,1440,0,0,0,0,0.0,0.0,0,0.0,false,0
1624580081,2016-04-24,6076,1221,185,18,16,1440,0,0,0,0,0.0,0.0,0,0.0,false,0
1624580081,2016-04-25,6487,1238,202,0,0,1440,0,0,0,0,0.0,0.0,0,0.0,false,0
1624580081,2016-04-26,2826,1300,140,0,0,1440,0,0,0,0,0.0,0.0,0,0.0,false,0
1624580081,2016-04-27,8367,1233,154,36,17,1440,0,0,0,0,0.0,0.0,0,0.0,false,0
1624580081,2016-04-28,2759,1320,115,5,0,1440,0,0,0,0,0.0,0.0,0,0.0,false,0
1624580081,2016-04-29,2390,1290,150,0,0,1440,0,0,0,0,0.0,0.0,0,0.0,false,0
1624580081,2016-04-30,6474,1182,224,23,11,1440,0,0,0,0,0.0,0.0,0,0.0,false,0
1624580081,2016-05-01,36019,1020,171,63,186,1440,0,0,0,0,0.0,0.0,0,0.0,false,0
1624580081,2016-05-02,7155,1261,166,6,7,1440,0,0,0,0,0.0,0.0,0,0.0,false,0
1624580081,2016-05-03,2100,1344,96,0,0,1440,0,0,0,0,0.0,0.0,0,0.0,false,0
1624580081,2016-05-04,2193,1322,118,0,0,1440,0,0,0,0,0.0,0.0,0,0.0,false,0
1624580081,2016-05-05,2470,1323,117,0,0,1440,0,0,0,0,0.0,0.0,0,0.0,false,0
1624580081,2016-05-06,1727,1338,102,0,0,1440,0,0,0,0,0.0,0.0,0,0.0,false,0
1624580081,2016-05-07,2104,1258,182,0,0,1440,0,0,0,0,0.0,0.0,0,0.0,false,0
1624580081,2016-05-08,3427,1288,152,0,0,1440,0,0,0,0,0.0,0.0,0,0.0,false,0
1624580081,2016-05-09,1732,1349,91,0,0,1440,0,0,0,0,0.0,0.0,0,0.0,false,0
1624580081,2016-05-10,2969,1301,139,0,0,1440,0,0,0,0,0.0,0.0,0,0.0,false,0
1624580081,2016-05-11,3134,1328,112,0,0,1440,0,0,0,0,0.0,0.0,0,0.0,false,0
1624580081,2016-05-12,2739,861,99,0,0,960,0,0,0,0,0.0,0.0,0,0.0,false,0
1644430081,2016-04-12,10694,1131,256,51,2,1440,0,0,0,0,0.0,0.0,0,0.0,false,0
1644430081,2016-04-13,8001,1259,135,16,30,1440,0,0,0,0,0.0,0.0,0,0.0,false,0
1644430081,2016-04-14,11037,1125,252,58,5,1440,0,0,0,0,0.0,0.0,0,0.0,false,0
1644430081,2016-04-15,5263,1263,170,4,3,1440,0,0,0,0,0.0,0.0,0,0.0,false,0
1644430081,2016-04-16,15223,1135,212,42,51,1440,0,0,0,0,0.0,0.0,0,0.0,false,0
1644430081,2016-04-17,8757,1212,186,13,29,1440,0,0,0,0,0.0,0.0,0,0.0,false,0
1644430081,2016-04-18,7132,1271,121,33,15,1440,0,0,0,0,0.0,0.0,0,0.0,false,0
1644430081,2016-04-19,11231,1123,254,58,5,1440,0,0,0,0,0.0,0.0,0,0.0,false,0
1644430081,2016-04-20,2436,1315,125,0,0,1440,0,0,0,0,0.0,0.0,0,0.0,false,0
1644430081,2016-04-21,1223,1402,38,0,0,1440,0,0,0,0,0.0,0.0,0,0.0,false,0
1644430081,2016-04-22,3673,1354,86,0,0,1440,0,0,0,0,0.0,0.0,0,0.0,false,0
1644430081,2016-04-23,6637,1265,160,15,0,1440,0,0,0,0,0.0,0.0,0,0.0,false,0
1644430081,2016-04-24,3321,1351,89,0,0,1440,0,0,0,0,0.0,0.0,0,0.0,false,0
1644430081,2016-04-25,3580,1337,94,1,8,1440,0,0,0,0,0.0,0.0,0,0.0,false,0
1644430081,2016-04-26,9919,1165,223,41,11,1440,0,0,0,0,0.0,0.0,0,0.0,false,0
1644430081,2016-04-27,3032,1322,118,0,0,1440,0,0,0,0,0.0,0.0,0,0.0,false,0
1644430081,2016-04-28,9405,1157,227,53,3,1440,0,0,0,0,0.0,0.0,0,0.0,false,0
1644430081,2016-04-29,3176,1320,120,0,0,1440,1,119,127,0,0.0,0.0,0,0.0,false,0
1644430081,2016-04-30,18213,958,402,71,9,1440,1,124,142,0,0.0,0.0,0,0.0,false,0
1644430081,2016-05-01,6132,1267,146,24,3,1440,0,0,0,0,0.0,0.0,0,0.0,false,0
1644430081,2016-05-02,3728,1307,125,7,1,1440,1,796,961,0,0.0,0.0,0,0.0,false,0
1644430081,2016-05-03,12789,1118,218,94,10,1440,0,0,0,0,0.0,0.0,0,0.0,false,0
1644430081,2016-05-04,2309,1388,52,0,0,1440,0,0,0,0,0.0,0.0,0,0.0,false,0
1644430081,2016-05-05,4363,1341,81,12,6,1440,0,0,0,0,0.0,0.0,0,0.0,false,0
1644430081,2016-05-06,9758,1042,381,8,9,1440,0,0,0,0,0.0,0.0,0,0.0,false,0
1644430081,2016-05-07,13372,1139,243,17,41,1440,0,0,0,0,0.0,0.0,0,0.0,false,0
1644430081,2016-05-08,6724,1145,295,0,0,1440,1,137,154,0,0.0,0.0,0,0.0,false,0
1644430081,2016-05-09,6643,1099,303,6,32,1440,0,0,0,0,0.0,0.0,0,0.0,false,0
1644430081,2016-05-10,9167,1254,155,19,12,1440,0,0,0,0,0.0,0.0,0,0.0,false,0
1644430081,2016-05-11,989,680,40,0,0,720,0,0,0,0,0.0,0.0,0,0.0,false,0
1644430081,2016-05-12,0,0,0,0,0,0,0,0,0,0,0.0,0.0,0,0.0,false,0
1844505072,2016-04-12,6697,1101,339,0,0,1440,0,0,0,0,0.0,0.0,0,0.0,false,0
1844505072,2016-04-13,4929,1192,248,0,0,1440,0,0,0,0,0.0,0.0,0,0.0,false,0
1844505072,2016-04-14,7905,1067,373,0,0,1440,0,0,0,0,0.0,0.0,0,0.0,false,0
1844505072,2016-04-15,3844,1264,176,0,0,1440,1,644,961,0,0.0,0.0,0,0.0,false,0
1844505072,2016-04-16,3414,1293,147,0,0,1440,0,0,0,0,0.0,0.0,0,0.0,false,0
1844505072,2016-04-17,4525,1231,199,8,2,1440,0,0,0,0,0.0,0.0,0,0.0,false,0
1844505072,2016-04-18,4597,1211,217,12,0,1440,0,0,0,0,0.0,0.0,0,0.0,false,0
1844505072,2016-04-19,197,1430,10,0,0,1440,0,0,0,0,0.0,0.0,0,0.0,false,0
1844505072,2016-04-20,8,1439,1,0,0,1440,0,0,0,0,0.0,0.0,0,0.0,false,0
1844505072,2016-04-21,8054,1117,308,13,2,1440,0,0,0,0,0.0,0.0,0,0.0,false,0
1844505072,2016-04-22,5372,1220,220,0,0,1440,0,0,0,0,0.0,0.0,0,0.0,false,0
1844505072,2016-04-23,3570,1301,139,0,0,1440,0,0,0,0,0.0,0.0,0,0.0,false,0
1844505072,2016-04-24,0,1440,0,0,0,1440,0,0,0,0,0.0,0.0,0,0.0,false,0
1844505072,2016-04-25,0,1440,0,0,0,1440,0,0,0,0,0.0,0.0,0,0.0,false,0
1844505072,2016-04-26,0,1440,0,0,0,1440,0,0,0,0,0.0,0.0,0,0.0,false,0
1844505072,2016-04-27,4,1439,1,0,0,1440,0,0,0,0,0.0,0.0,0,0.0,false,0
1844505072,2016-04-28,6899,1138,302,0,0,1440,0,0,0,0,0.0,0.0,0,0.0,false,0
1844505072,2016-04-29,4920,1193,247,0,0,1440,0,0,0,0,0.0,0.0,0,0.0,false,0
1844505072,2016-04-30,4014,1256,184,0,0,1440,1,722,961,0,0.0,0.0,0,0.0,false,0
1844505072,2016-05-01,2573,1358,75,7,0,1440,1,590,961,0,0.0,0.0,0,0.0,false,0
1844505072,2016-05-02,0,1440,0,0,0,1440,0,0,0,0,0.0,0.0,0,0.0,false,0
1844505072,2016-05-03,4059,1256,184,0,0,1440,0,0,0,0,0.0,0.0,0,0.0,false,0
1844505072,2016-05-04,2080,1353,87,0,0,1440,0,0,0,0,0.0,0.0,0,0.0,false,0
1844505072,2016-05-05,2237,1320,120,0,0,1440,0,0,0,0,0.0,0.0,0,0.0,false,0
1844505072,2016-05-06,44,1438,2,0,0,1440,0,0,0,0,0.0,0.0,0,0.0,false,0
1844505072,2016-05-07,0,1440,0,0,0,1440,0,0,0,0,0.0,0.0,0,0.0,false,0
1844505072,2016-05-08,0,1440,0,0,0,1440,0,0,0,0,0.0,0.0,0,0.0,false,0
1844505072,2016-05-09,0,1440,0,0,0,1440,0,0,0,0,0.0,0.0,0,0.0,false,0
1844505072,2016-05-10,0,1440,0,0,0,1440,0,0,0,0,0.0,0.0,0,0.0,false,0
1844505072,2016-05-11,0,1440,0,0,0,1440,0,0,0,0,0.0,0.0,0,0.0,false,0
1844505072,2016-05-12,0,660,0,0,0,660,0,0,0,0,0.0,0.0,0,0.0,false,0
1927972279,2016-04-12,678,1385,55,0,0,1440,3,750,775,0,0.0,0.0,0,0.0,false,0
1927972279,2016-04-13,356,1408,32,0,0,1440,1,398,422,0,133.5,294.3,0,47.5,true,1460509732000
1927972279,2016-04-14,2163,1343,88,9,0,1440,0,0,0,0,0.0,0.0,0,0.0,false,0
1927972279,2016-04-15,980,1389,51,0,0,1440,2,475,499,0,0.0,0.0,0,0.0,false,0
1927972279,2016-04-16,0,1440,0,0,0,1440,0,0,0,0,0.0,0.0,0,0.0,false,0
1927972279,2016-04-17,0,1440,0,0,0,1440,0,0,0,0,0.0,0.0,0,0.0,false,0
1927972279,2016-04-18,244,1423,17,0,0,1440,0,0,0,0,0.0,0.0,0,0.0,false,0
1927972279,2016-04-19,0,1440,0,0,0,1440,0,0,0,0,0.0,0.0,0,0.0,false,0
1927972279,2016-04-20,0,1440,0,0,0,1440,0,0,0,0,0.0,0.0,0,0.0,false,0
1927972279,2016-04-21,0,1440,0,0,0,1440,0,0,0,0,0.0,0.0,0,0.0,false,0
1927972279,2016-04-22,149,1430,10,0,0,1440,0,0,0,0,0.0,0.0,0,0.0,false,0
1927972279,2016-04-23,2945,1295,145,0,0,1440,0,0,0,0,0.0,0.0,0,0.0,false,0
1927972279,2016-04-24,2090,1358,75,6,1,1440,0,0,0,0,0.0,0.0,0,0.0,false,0
1927972279,2016-04-25,152,1428,12,0,0,1440,0,0,0,0,0.0,0.0,0,0.0,false,0
1927972279,2016-04-26,3761,1248,192,0,0,1440,1,296,315,0,0.0,0.0,0,0.0,false,0
1927972279,2016-04-27,0,1440,0,0,0,1440,0,0,0,0,0.0,0.0,0,0.0,false,0
1927972279,2016-04-28,1675,1345,95,0,0,1440,1,166,178,0,0.0,0.0,0,0.0,false,0
1927972279,2016-04-29,0,1440,0,0,0,1440,0,0,0,0,0.0,0.0,0,0.0,false,0
1927972279,2016-04-30,0,1440,0,0,0,1440,0,0,0,0,0.0,0.0,0,0.0,false,0
1927972279,2016-05-01,2704,1355,70,1,14,1440,0,0,0,0,0.0,0.0,0,0.0,false,0
1927972279,2016-05-02,3790,1322,94,8,16,1440,0,0,0,0,0.0,0.0,0,0.0,false,0
1927972279,2016-05-03,1326,1413,17,0,10,1440,0,0,0,0,0.0,0.0,0,0.0,false,0
1927972279,2016-05-04,1786,1353,87,0,0,1440,0,0,0,0,0.0,0.0,0,0.0,false,0
1927972279,2016-05-05,0,1440,0,0,0,1440,0,0,0,0,0.0,0.0,0,0.0,false,0
1927972279,2016-05-06,2091,1332,108,0,0,1440,0,0,0,0,0.0,0.0,0,0.0,false,0
1927972279,2016-05-07,1510,1392,48,0,0,1440,0,0,0,0,0.0,0.0,0,0.0,false,0
1927972279,2016-05-08,0,1440,0,0,0,1440,0,0,0,0,0.0,0.0,0,0.0,false,0
1927972279,2016-05-09,0,1440,0,0,0,1440,0,0,0,0,0.0,0.0,0,0.0,false,0
1927972279,2016-05-10,0,1440,0,0,0,1440,0,0,0,0,0.0,0.0,0,0.0,false,0
1927972279,2016-05-11,0,1440,0,0,0,1440,0,0,0,0,0.0,0.0,0,0.0,false,0
1927972279,2016-05-12,0,960,0,0,0,960,0,0,0,0,0.0,0.0,0,0.0,false,0
2022484408,2016-04-12,11875,1157,227,14,42,1440,0,0,0,76,0.0,0.0,0,0.0,false,0
2022484408,2016-04-13,12024,1100,292,5,43,1440,0,0,0,80,0.0,0.0,0,0.0,false,0
2022484408,2016-04-14,10690,1148,257,3,32,1440,0,0,0,73,0.0,0.0,0,0.0,false,0
2022484408,2016-04-15,11034,1122,282,9,27,1440,0,0,0,80,0.0,0.0,0,0.0,false,0
2022484408,2016-04-16,10100,1237,151,11,41,1440,0,0,0,76,0.0,0.0,0,0.0,false,0
2022484408,2016-04-17,15112,1052,331,29,28,1440,0,0,0,84,0.0,0.0,0,0.0,false,0
2022484408,2016-04-18,14131,1078,311,3,48,1440,0,0,0,83,0.0,0.0,0,0.0,false,0
2022484408,2016-04-19,11548,1152,250,7,31,1440,0,0,0,82,0.0,0.0,0,0.0,false,0
2022484408,2016-04-20,15112,1053,276,63,48,1440,0,0,0,83,0.0,0.0,0,0.0,false,0
2022484408,2016-04-21,12453,1028,255,53,104,1440,0,0,0,86,0.0,0.0,0,0.0,false,0
2022484408,2016-04-22,12954,1105,273,10,52,1440,0,0,0,80,0.0,0.0,0,0.0,false,0
2022484408,2016-04-23,6001,1191,249,0,0,1440,0,0,0,72,0.0,0.0,0,0.0,false,0
2022484408,2016-04-24,13481,1161,216,26,37,1440,0,0,0,82,0.0,0.0,0,0.0,false,0
2022484408,2016-04-25,11369,1171,217,8,44,1440,0,0,0,83,0.0,0.0,0,0.0,false,0
2022484408,2016-04-26,10119,1086,275,24,55,1440,0,0,0,83,0.0,0.0,0,0.0,false,0
2022484408,2016-04-27,10159,1119,282,20,19,1440,0,0,0,81,0.0,0.0,0,0.0,false,0
2022484408,2016-04-28,10140,1123,291,20,6,1440,0,0,0,71,0.0,0.0,0,0.0,false,0
2022484408,2016-04-29,10245,1098,281,40,21,1440,0,0,0,83,0.0,0.0,0,0.0,false,0
2022484408,2016-04-30,18387,1043,361,23,13,1440,0,0,0,78,0.0,0.0,0,0.0,false,0
2022484408,2016-05-01,10538,1142,245,28,25,1440,0,0,0,74,0.0,0.0,0,0.0,false,0
2022484408,2016-05-02,10379,1119,277,8,36,1440,0,0,0,77,0.0,0.0,0,0.0,false,0
2022484408,2016-05-03,12183,1104,250,14,72,1440,0,0,0,83,0.0,0.0,0,0.0,false,0
2022484408,2016-05-04,11768,1105,272,27,36,1440,0,0,0,83,0.0,0.0,0,0.0,false,0
2022484408,2016-05-05,11895,1112,253,20,55,1440,0,0,0,81,0.0,0.0,0,0.0,false,0
2022484408,2016-05-06,10227,1104,295,17,24,1440,0,0,0,82,0.0,0.0,0,0.0,false,0
2022484408,2016-05-07,6708,1269,149,2,20,1440,0,0,0,76,0.0,0.0,0,0.0,false,0
2022484408,2016-05-08,3292,1305,135,0,0,1440,0,0,0,77,0.0,0.0,0,0.0,false,0
2022484408,2016-05-09,13379,1061,297,47,35,1440,0,0,0,82,0.0,0.0,0,0.0,false,0
2022484408,2016-05-10,12798,1084,271,28,57,1440,0,0,0,87,0.0,0.0,0,0.0,false,0
2022484408,2016-05-11,13272,1133,224,25,58,1440,0,0,0,84,0.0,0.0,0,0.0,false,0
2022484408,2016-05-12,7674,680,188,16,16,900,0,0,0,81,0.0,0.0,0,0.0,false,0
2026352035,2016-04-12,4414,1248,181,8,3,1440,1,503,546,0,0.0,0.0,0,0.0,false,0
2026352035,2016-04-13,4993,1202,238,0,0,1440,1,531,565,0,0.0,0.0,0,0.0,false,0
2026352035,2016-04-14,3305,1243,197,0,0,1440,1,545,568,0,0.0,0.0,0,0.0,false,0
2026352035,2016-04-15,3821,1252,188,0,0,1440,1,523,573,0,0.0,0.0,0,0.0,false,0
2026352035,2016-04-16,2547,1290,150,0,0,1440,1,524,567,0,0.0,0.0,0,0.0,false,0
2026352035,2016-04-17,838,1380,60,0,0,1440,1,437,498,69,0.0,0.0,0,0.0,false,0
2026352035,2016-04-18,3325,1258,182,0,0,1440,0,0,0,0,0.0,0.0,0,0.0,false,0
2026352035,2016-04-19,2424,1299,141,0,0,1440,1,498,540,0,0.0,0.0,0,0.0,false,0
2026352035,2016-04-20,7222,1113,327,0,0,1440,1,461,510,0,0.0,0.0,0,0.0,false,0
2026352035,2016-04-21,2467,1287,153,0,0,1440,1,477,514,0,0.0,0.0,0,0.0,false,0
2026352035,2016-04-22,2915,1278,162,0,0,1440,1,520,545,0,0.0,0.0,0,0.0,false,0
2026352035,2016-04-23,12357,1008,432,0,0,1440,1,522,554,0,0.0,0.0,0,0.0,false,0
2026352035,2016-04-24,3490,1276,164,0,0,1440,1,555,591,0,0.0,0.0,0,0.0,false,0
2026352035,2016-04-25,6017,1180,260,0,0,1440,1,506,531,100,0.0,0.0,0,0.0,false,0
2026352035,2016-04-26,5933,1152,288,0,0,1440,0,0,0,0,0.0,0.0,0,0.0,false,0
2026352035,2016-04-27,6088,1154,286,0,0,1440,1,508,545,0,0.0,0.0,0,0.0,false,0
2026352035,2016-04-28,6375,1109,331,0,0,1440,1,513,545,0,0.0,0.0,0,0.0,false,0
2026352035,2016-04-29,7604,1088,352,0,0,1440,1,490,510,0,0.0,0.0,0,0.0,false,0
2026352035,2016-04-30,4729,1207,233,0,0,1440,1,573,607,0,0.0,0.0,0,0.0,false,0
2026352035,2016-05-01,3609,1249,191,0,0,1440,1,527,546,0,0.0,0.0,0,0.0,false,0
2026352035,2016-05-02,7018,1085,355,0,0,1440,1,511,543,84,0.0,0.0,0,0.0,false,0
2026352035,2016-05-03,5992,1136,304,0,0,1440,0,0,0,0,0.0,0.0,0,0.0,false,0
2026352035,2016-05-04,6564,1095,345,0,0,1440,1,538,560,0,0.0,0.0,0,0.0,false,0
2026352035,2016-05-05,12167,965,475,0,0,1440,1,468,485,0,0.0,0.0,0,0.0,false,0
2026352035,2016-05-06,8198,1057,383,0,0,1440,1,524,548,0,0.0,0.0,0,0.0,false,0
2026352035,2016-05-07,4193,1211,229,0,0,1440,1,511,521,0,0.0,0.0,0,0.0,false,0
2026352035,2016-05-08,5528,1182,258,0,0,1440,1,541,568,0,0.0,0.0,0,0.0,false,0
2026352035,2016-05-09,10652,1039,401,0,0,1440,1,531,556,98,0.0,0.0,0,0.0,false,0
2026352035,2016-05-10,254,1423,17,0,0,1440,1,357,380,0,0.0,0.0,0,0.0,false,0
2026352035,2016-05-11,8580,1110,330,0,0,1440,1,523,553,0,0.0,0.0,0,0.0,false,0
2026352035,2016-05-12,8449,640,320,0,0,960,1,456,485,0,0.0,0.0,0,0.0,false,0
2320127002,2016-04-12,10725,1112,306,9,13,1440,0,0,0,0,0.0,0.0,0,0.0,false,0
2320127002,2016-04-13,7275,1105,335,0,0,1440,0,0,0,0,0.0,0.0,0,0.0,false,0
2320127002,2016-04-14,3973,1249,191,0,0,1440,0,0,0,0,0.0,0.0,0,0.0,false,0
2320127002,2016-04-15,5205,1195,245,0,0,1440,0,0,0,0,0.0,0.0,0,0.0,false,0
2320127002,2016-04-16,5044,1245,195,0,0,1440,0,0,0,0,0.0,0.0,0,0.0,false,0
2320127002,2016-04-17,6198,1191,249,0,0,1440,0,0,0,0,0.0,0.0,0,0.0,false,0
2320127002,2016-04-18,6538,1173,260,7,0,1440,0,0,0,0,0.0,0.0,0,0.0,false,0
2320127002,2016-04-19,5997,1201,228,11,0,1440,0,0,0,0,0.0,0.0,0,0.0,false,0
2320127002,2016-04-20,7162,1146,283,11,0,1440,0,0,0,0,0.0,0.0,0,0.0,false,0
2320127002,2016-04-21,3404,1302,127,10,1,1440,0,0,0,0,0.0,0.0,0,0.0,false,0
2320127002,2016-04-22,5583,1174,266,0,0,1440,0,0,0,0,0.0,0.0,0,0.0,false,0
2320127002,2016-04-23,5079,1198,242,0,0,1440,1,61,69,0,0.0,0.0,0,0.0,false,0
2320127002,2016-04-24,4159,1236,204,0,0,1440,0,0,0,0,0.0,0.0,0,0.0,false,0
2320127002,2016-04-25,3588,1280,152,5,3,1440,0,0,0,0,0.0,0.0,0,0.0,false,0
2320127002,2016-04-26,3409,1293,147,0,0,1440,0,0,0,0,0.0,0.0,0,0.0,false,0
2320127002,2016-04-27,1715,1358,82,0,0,1440,0,0,0,0,0.0,0.0,0,0.0,false,0
2320127002,2016-04-28,1532,1364,76,0,0,1440,0,0,0,0,0.0,0.0,0,0.0,false,0
2320127002,2016-04-29,924,1395,45,0,0,1440,0,0,0,0,0.0,0.0,0,0.0,false,0
2320127002,2016-04-30,4558,1206,234,0,0,1440,0,0,0,0,0.0,0.0,0,0.0,false,0
2320127002,2016-05-01,772,1400,40,0,0,1440,0,0,0,0,0.0,0.0,0,0.0,false,0
2320127002,2016-05-02,3634,1306,123,6,5,1440,0,0,0,0,0.0,0.0,0,0.0,false,0
2320127002,2016-05-03,7443,1204,206,10,20,1440,0,0,0,0,0.0,0.0,0,0.0,false,0
2320127002,2016-05-04,1201,1388,52,0,0,1440,0,0,0,0,0.0,0.0,0,0.0,false,0
2320127002,2016-05-05,5202,1206,223,11,0,1440,0,0,0,0,0.0,0.0,0,0.0,false,0
2320127002,2016-05-06,4878,1236,204,0,0,1440,0,0,0,0,0.0,0.0,0,0.0,false,0
2320127002,2016-05-07,7379,1121,319,0,0,1440,0,0,0,0,0.0,0.0,0,0.0,false,0
2320127002,2016-05-08,5153,1193,247,0,0,1440,0,0,0,0,0.0,0.0,0,0.0,false,0
2320127002,2016-05-09,3090,1295,145,0,0,1440,0,0,0,0,0.0,0.0,0,0.0,false,0
2320127002,2016-05-10,6227,1150,290,0,0,1440,0,0,0,0,0.0,0.0,0,0.0,false,0
2320127002,2016-05-11,6424,1140,300,0,0,1440,0,0,0,0,0.0,0.0,0,0.0,false,0
2320127002,2016-05-12,2564,776,124,0,0,900,0,0,0,0,0.0,0.0,0,0.0,false,0
2347167796,2016-04-12,10113,1079,320,13,28,1440,0,0,0,86,0.0,0.0,0,0.0,false,0
2347167796,2016-04-13,10352,1194,195,32,19,1440,1,467,531,74,0.0,0.0,0,0.0,false,0
2347167796,2016-04-14,10129,1185,206,48,1,1440,1,445,489,73,0.0,0.0,0,0.0,false,0
2347167796,2016-04-15,10465,1131,284,24,1,1440,1,452,504,76,0.0,0.0,0,0.0,false,0
2347167796,2016-04-16,22244,1034,268,72,66,1440,0,0,0,97,0.0,0.0,0,0.0,false,0
2347167796,2016-04-17,5472,1183,249,7,1,1440,1,556,602,75,0.0,0.0,0,0.0,false,0
2347167796,2016-04-18,8247,1207,206,16,11,1440,1,500,557,71,0.0,0.0,0,0.0,false,0
2347167796,2016-04-19,6711,1051,382,7,0,1440,1,465,514,81,0.0,0.0,0,0.0,false,0
2347167796,2016-04-20,10999,1117,269,43,11,1440,0,0,0,78,0.0,0.0,0,0.0,false,0
2347167796,2016-04-21,10080,1183,208,26,23,1440,1,460,484,73,0.0,0.0,0,0.0,false,0
2347167796,2016-04-22,7804,1198,206,27,9,1440,1,405,461,72,0.0,0.0,0,0.0,false,0
2347167796,2016-04-23,16901,1013,360,35,32,1440,1,374,386,83,0.0,0.0,0,0.0,false,0
2347167796,2016-04-24,9471,1080,360,0,0,1440,1,442,459,78,0.0,0.0,0,0.0,false,0
2347167796,2016-04-25,9482,1137,277,11,15,1440,1,433,471,74,0.0,0.0,0,0.0,false,0
2347167796,2016-04-26,5980,1213,227,0,0,1440,1,436,490,72,0.0,0.0,0,0.0,false,0
2347167796,2016-04-27,11423,1110,295,9,26,1440,1,448,499,75,0.0,0.0,0,0.0,false,0
2347167796,2016-04-28,5439,1211,229,0,0,1440,1,408,450,73,0.0,0.0,0,0.0,false,0
2347167796,2016-04-29,25,358,2,0,0,360,1,411,473,63,0.0,0.0,0,0.0,false,0
2347167796,2016-04-30,0,0,0,0,0,0,0,0,0,0,0.0,0.0,0,0.0,false,0
2347167796,2016-05-01,0,0,0,0,0,0,0,0,0,0,0.0,0.0,0,0.0,false,0
2347167796,2016-05-02,0,0,0,0,0,0,0,0,0,0,0.0,0.0,0,0.0,false,0
2347167796,2016-05-03,0,0,0,0,0,0,0,0,0,0,0.0,0.0,0,0.0,false,0
2347167796,2016-05-04,0,0,0,0,0,0,0,0,0,0,0.0,0.0,0,0.0,false,0
2347167796,2016-05-05,0,0,0,0,0,0,0,0,0,0,0.0,0.0,0,0.0,false,0
2347167796,2016-05-06,0,0,0,0,0,0,0,0,0,0,0.0,0.0,0,0.0,false,0
2347167796,2016-05-07,0,0,0,0,0,0,0,0,0,0,0.0,0.0,0,0.0,false,0
2347167796,2016-05-08,0,0,0,0,0,0,0,0,0,0,0.0,0.0,0,0.0,false,0
2347167796,2016-05-09,0,0,0,0,0,0,0,0,0,0,0.0,0.0,0,0.0,false,0
2347167796,2016-05-10,0,0,0,0,0,0,0,0,0,0,0.0,0.0,0,0.0,false,0
2347167796,2016-05-11,0,0,0,0,0,0,0,0,0,0,0.0,0.0,0,0.0,false,0
2347167796,2016-05-12,0,0,0,0,0,0,0,0,0,0,0.0,0.0,0,0.0,false,0
2873212765,2016-04-12,8796,1061,356,21,2,1440,0,0,0,0,0.0,0.0,0,0.0,false,0
2873212765,2016-04-13,7618,1028,404,8,0,1440,0,0,0,0,0.0,0.0,0,0.0,false,0
2873212765,2016-04-14,7910,1109,331,0,0,1440,0,0,0,0,0.0,0.0,0,0.0,false,0
2873212765,2016-04-15,8482,992,448,0,0,1440,0,0,0,0,0.0,0.0,0,0.0,false,0
2873212765,2016-04-16,9677,1087,305,1,47,1440,0,0,0,0,0.0,0.0,0,0.0,false,0
2873212765,2016-04-17,2524,1272,160,8,0,1440,0,0,0,0,0.0,0.0,0,0.0,false,0
2873212765,2016-04-18,7762,1122,311,6,1,1440,0,0,0,0,0.0,0.0,0,0.0,false,0
2873212765,2016-04-19,7948,1051,389,0,0,1440,0,0,0,0,0.0,0.0,0,0.0,false,0
2873212765,2016-04-20,9202,1035,378,5,22,1440,0,0,0,0,0.0,0.0,0,0.0,false,0
2873212765,2016-04-21,8859,1057,371,10,2,1440,0,0,0,0,56.7,125.0,0,21.5,false,1461283199000
2873212765,2016-04-22,7286,1051,389,0,0,1440,0,0,0,0,0.0,0.0,0,0.0,false,0
2873212765,2016-04-23,9317,1077,330,5,28,1440,0,0,0,0,0.0,0.0,0,0.0,false,0
2873212765,2016-04-24,6873,1203,190,1,46,1440,0,0,0,0,0.0,0.0,0,0.0,false,0
2873212765,2016-04-25,7373,1081,359,0,0,1440,0,0,0,0,0.0,0.0,0,0.0,false,0
2873212765,2016-04-26,8242,1124,309,5,2,1440,0,0,0,0,0.0,0.0,0,0.0,false,0
2873212765,2016-04-27,3516,1197,197,0,46,1440,0,0,0,0,0.0,0.0,0,0.0,false,0
2873212765,2016-04-28,7913,1192,213,7,28,1440,0,0,0,0,0.0,0.0,0,0.0,false,0
2873212765,2016-04-29,7365,1191,206,23,20,1440,0,0,0,0,0.0,0.0,0,0.0,false,0
2873212765,2016-04-30,8452,1167,248,20,5,1440,0,0,0,0,0.0,0.0,0,0.0,false,0
2873212765,2016-05-01,7399,1219,196,18,7,1440,0,0,0,0,0.0,0.0,0,0.0,false,0
2873212765,2016-05-02,7525,1099,334,7,0,1440,0,0,0,0,0.0,0.0,0,0.0,false,0
2873212765,2016-05-03,7412,1070,363,6,1,1440,0,0,0,0,0.0,0.0,0,0.0,false,0
2873212765,2016-05-04,8278,1020,420,0,0,1440,0,0,0,0,0.0,0.0,0,0.0,false,0
2873212765,2016-05-05,8314,1093,311,23,13,1440,0,0,0,0,0.0,0.0,0,0.0,false,0
2873212765,2016-05-06,7063,1065,370,5,0,1440,0,0,0,0,0.0,0.0,0,0.0,false,0
2873212765,2016-05-07,4940,1302,52,11,75,1440,0,0,0,0,0.0,0.0,0,0.0,false,0
2873212765,2016-05-08,8168,1068,326,0,46,1440,0,0,0,0,0.0,0.0,0,0.0,false,0
2873212765,2016-05-09,7726,1095,345,0,0,1440,0,0,0,0,0.0,0.0,0,0.0,false,0
2873212765,2016-05-10,8275,1067,373,0,0,1440,0,0,0,0,0.0,0.0,0,0.0,false,0
2873212765,2016-05-11,6440,1121,319,0,0,1440,0,0,0,0,0.0,0.0,0,0.0,false,0
2873212765,2016-05-12,7475,701,259,0,0,960,0,0,0,0,57.3,126.3,0,21.7,false,1463097599000
3372868164,2016-04-12,4747,1160,280,0,0,1440,0,0,0,0,0.0,0.0,0,0.0,false,0
3372868164,2016-04-13,9715,1045,371,8,16,1440,0,0,0,0,0.0,0.0,0,0.0,false,0
3372868164,2016-04-14,8844,1039,370,25,6,1440,0,0,0,0,0.0,0.0,0,0.0,false,0
3372868164,2016-04-15,7451,1105,335,0,0,1440,0,0,0,0,0.0,0.0,0,0.0,false,0
3372868164,2016-04-16,6905,1084,356,0,0,1440,0,0,0,0,0.0,0.0,0,0.0,false,0
3372868164,2016-04-17,8199,1105,322,2,11,1440,0,0,0,0,0.0,0.0,0,0.0,false,0
3372868164,2016-04-18,6798,1070,343,7,20,1440,0,0,0,0,0.0,0.0,0,0.0,false,0
3372868164,2016-04-19,7711,1064,376,0,0,1440,0,0,0,0,0.0,0.0,0,0.0,false,0
3372868164,2016-04-20,4880,1148,274,3,15,1440,0,0,0,0,0.0,0.0,0,0.0,false,0
3372868164,2016-04-21,8857,1037,376,9,18,1440,0,0,0,0,0.0,0.0,0,0.0,false,0
3372868164,2016-04-22,3843,1234,206,0,0,1440,0,0,0,0,0.0,0.0,0,0.0,false,0
3372868164,2016-04-23,7396,1115,303,2,20,1440,0,0,0,0,0.0,0.0,0,0.0,false,0
3372868164,2016-04-24,6731,1127,292,7,14,1440,0,0,0,0,0.0,0.0,0,0.0,false,0
3372868164,2016-04-25,5995,1024,416,0,0,1440,0,0,0,0,0.0,0.0,0,0.0,false,0
3372868164,2016-04-26,8283,1083,333,2,22,1440,0,0,0,0,0.0,0.0,0,0.0,false,0
3372868164,2016-04-27,7904,1057,346,13,24,1440,0,0,0,0,0.0,0.0,0,0.0,false,0
3372868164,2016-04-28,5512,1055,385,0,0,1440,0,0,0,0,0.0,0.0,0,0.0,false,0
3372868164,2016-04-29,9135,1038,402,0,0,1440,0,0,0,0,0.0,0.0,0,0.0,false,0
3372868164,2016-04-30,5250,1119,300,4,17,1440,0,0,0,0,0.0,0.0,0,0.0,false,0
3372868164,2016-05-01,2901,800,160,0,0,960,0,0,0,0,0.0,0.0,0,0.0,false,0
3372868164,2016-05-02,0,0,0,0,0,0,0,0,0,0,0.0,0.0,0,0.0,false,0
3372868164,2016-05-03,0,0,0,0,0,0,0,0,0,0,0.0,0.0,0,0.0,false,0
3372868164,2016-05-04,0,0,0,0,0,0,0,0,0,0,0.0,0.0,0,0.0,false,0
3372868164,2016-05-05,0,0,0,0,0,0,0,0,0,0,0.0,0.0,0,0.0,false,0
3372868164,2016-05-06,0,0,0,0,0,0,0,0,0,0,0.0,0.0,0,0.0,false,0
3372868164,2016-05-07,0,0,0,0,0,0,0,0,0,0,0.0,0.0,0,0.0,false,0
3372868164,2016-05-08,0,0,0,0,0,0,0,0,0,0,0.0,0.0,0,0.0,false,0
3372868164,2016-05-09,0,0,0,0,0,0,0,0,0,0,0.0,0.0,0,0.0,false,0
3372868164,2016-05-10,0,0,0,0,0,0,0,0,0,0,0.0,0.0,0,0.0,false,0
3372868164,2016-05-11,0,0,0,0,0,0,0,0,0,0,0.0,0.0,0,0.0,false,0
3372868164,2016-05-12,0,0,0,0,0,0,0,0,0,0,0.0,0.0,0,0.0,false,0
3977333714,2016-04-12,8856,1246,131,19,44,1440,1,274,469,0,0.0,0.0,0,0.0,false,0
3977333714,2016-04-13,10035,1210,153,46,31,1440,2,295,456,0,0.0,0.0,0,0.0,false,0
3977333714,2016-04-14,7641,1198,214,23,5,1440,1,291,397,0,0.0,0.0,0,0.0,false,0
3977333714,2016-04-15,9010,1200,183,42,15,1440,1,424,556,0,0.0,0.0,0,0.0,false,0
3977333714,2016-04-16,13459,1173,153,83,31,1440,1,283,510,0,0.0,0.0,0,0.0,false,0
3977333714,2016-04-17,10415,1166,205,58,11,1440,1,381,566,0,0.0,0.0,0,0.0,false,0
3977333714,2016-04-18,11663,1127,214,95,4,1440,2,412,522,0,0.0,0.0,0,0.0,false,0
3977333714,2016-04-19,12257,1133,221,67,19,1440,1,219,395,0,0.0,0.0,0,0.0,false,0
3977333714,2016-04-20,11658,1176,164,98,2,1440,2,152,305,0,0.0,0.0,0,0.0,false,0
3977333714,2016-04-21,6072,1198,242,0,0,1440,1,332,512,0,0.0,0.0,0,0.0,false,0
3977333714,2016-04-22,8911,1207,188,12,33,1440,1,355,476,0,0.0,0.0,0,0.0,false,0
3977333714,2016-04-23,12058,1096,252,92,0,1440,1,235,372,0,0.0,0.0,0,0.0,false,0
3977333714,2016-04-24,14112,1186,129,95,30,1440,1,310,526,0,0.0,0.0,0,0.0,false,0
3977333714,2016-04-25,11168,1248,133,9,50,1440,1,262,467,0,0.0,0.0,0,0.0,false,0
3977333714,2016-04-26,11388,1168,170,95,7,1440,1,250,371,0,0.0,0.0,0,0.0,false,0
3977333714,2016-04-27,7193,1254,176,10,0,1440,1,349,540,0,0.0,0.0,0,0.0,false,0
3977333714,2016-04-28,7114,1227,190,8,15,1440,1,261,423,0,0.0,0.0,0,0.0,false,0
3977333714,2016-04-29,10645,1222,150,32,36,1440,1,333,478,0,0.0,0.0,0,0.0,false,0
3977333714,2016-04-30,13238,1151,194,52,43,1440,1,237,382,0,0.0,0.0,0,0.0,false,0
3977333714,2016-05-01,10414,1235,124,40,41,1440,1,383,626,0,0.0,0.0,0,0.0,false,0
3977333714,2016-05-02,16520,1097,176,143,24,1440,1,230,384,0,0.0,0.0,0,0.0,false,0
3977333714,2016-05-03,14335,1094,258,41,47,1440,1,292,500,0,0.0,0.0,0,0.0,false,0
3977333714,2016-05-04,13373,1188,142,96,14,1440,1,213,336,0,0.0,0.0,0,0.0,false,0
3977333714,2016-05-05,12312,1160,178,88,14,1440,1,318,480,0,0.0,0.0,0,0.0,false,0
3977333714,2016-05-06,11677,1188,168,55,29,1440,1,323,512,0,0.0,0.0,0,0.0,false,0
3977333714,2016-05-07,11550,1146,208,86,0,1440,1,237,443,0,0.0,0.0,0,0.0,false,0
3977333714,2016-05-08,13585,1144,171,116,9,1440,2,259,456,0,0.0,0.0,0,0.0,false,0
3977333714,2016-05-09,14513,1159,151,122,8,1440,0,0,0,0,0.0,0.0,0,0.0,false,0
3977333714,2016-05-10,13072,1128,196,115,1,1440,1,312,452,0,0.0,0.0,0,0.0,false,0
3977333714,2016-05-11,0,0,0,0,0,0,0,0,0,0,0.0,0.0,0,0.0,false,0
3977333714,2016-05-12,0,0,0,0,0,0,0,0,0,0,0.0,0.0,0,0.0,false,0
4020332650,2016-04-12,8489,1090,331,15,4,1440,1,501,541,83,0.0,0.0,0,0.0,false,0
4020332650,2016-04-13,0,1440,0,0,0,1440,0,0,0,0,0.0,0.0,0,0.0,false,0
4020332650,2016-04-14,38,1437,3,0,0,1440,0,0,0,91,0.0,0.0,0,0.0,false,0
4020332650,2016-04-15,1873,1299,87,18,36,1440,0,0,0,93,0.0,0.0,0,0.0,false,0
4020332650,2016-04-16,1969,1299,55,21,65,1440,1,77,77,101,0.0,0.0,0,0.0,false,0
4020332650,2016-04-17,7,1438,2,0,0,1440,0,0,0,99,0.0,0.0,0,0.0,false,0
4020332650,2016-04-18,62,1438,2,0,0,1440,0,0,0,0,0.0,0.0,0,0.0,false,0
4020332650,2016-04-19,0,1440,0,0,0,1440,0,0,0,0,0.0,0.0,0,0.0,false,0
4020332650,2016-04-20,0,1440,0,0,0,1440,0,0,0,0,0.0,0.0,0,0.0,false,0
4020332650,2016-04-21,0,1440,0,0,0,1440,0,0,0,0,0.0,0.0,0,0.0,false,0
4020332650,2016-04-22,0,1440,0,0,0,1440,0,0,0,0,0.0,0.0,0,0.0,false,0
4020332650,2016-04-23,0,1440,0,0,0,1440,0,0,0,0,0.0,0.0,0,0.0,false,0
4020332650,2016-04-24,0,1440,0,0,0,1440,0,0,0,0,0.0,0.0,0,0.0,false,0
4020332650,2016-04-25,0,1440,0,0,0,1440,0,0,0,0,0.0,0.0,0,0.0,false,0
4020332650,2016-04-26,0,1440,0,0,0,1440,0,0,0,0,0.0,0.0,0,0.0,false,0
4020332650,2016-04-27,0,1440,0,0,0,1440,0,0,0,0,0.0,0.0,0,0.0,false,0
4020332650,2016-04-28,0,1440,0,0,0,1440,0,0,0,0,0.0,0.0,0,0.0,false,0
4020332650,2016-04-29,0,1440,0,0,0,1440,0,0,0,0,0.0,0.0,0,0.0,false,0
4020332650,2016-04-30,0,1440,0,0,0,1440,0,0,0,0,0.0,0.0,0,0.0,false,0
4020332650,2016-05-01,0,1440,0,0,0,1440,0,0,0,0,0.0,0.0,0,0.0,false,0
4020332650,2016-05-02,465,1398,31,11,0,1440,0,0,0,90,0.0,0.0,0,0.0,false,0
4020332650,2016-05-03,4465,1266,174,0,0,1440,1,322,332,78,0.0,0.0,0,0.0,false,0
4020332650,2016-05-04,10194,1035,346,46,13,1440,1,478,536,83,0.0,0.0,0,0.0,false,0
4020332650,2016-05-05,11713,1164,196,42,38,1440,1,226,248,86,0.0,0.0,0,0.0,false,0
4020332650,2016-05-06,4357,1263,177,0,0,1440,1,385,408,76,0.0,0.0,0,0.0,false,0
4020332650,2016-05-07,5005,1256,184,0,0,1440,0,0,0,89,0.0,0.0,0,0.0,false,0
4020332650,2016-05-08,5812,1177,263,0,0,1440,1,364,402,78,0.0,0.0,0,0.0,false,0
4020332650,2016-05-09,4556,1259,173,5,3,1440,0,0,0,87,0.0,0.0,0,0.0,false,0
4020332650,2016-05-10,5474,1234,206,0,0,1440,1,442,494,73,0.0,0.0,0,0.0,false,0
4020332650,2016-05-11,3663,1296,134,8,2,1440,0,0,0,91,0.0,0.0,0,0.0,false,0
4020332650,2016-05-12,257,709,11,0,0,720,0,0,0,94,0.0,0.0,0,0.0,false,0
4057192912,2016-04-12,5394,1276,164,0,0,1440,0,0,0,0,0.0,0.0,0,0.0,false,0
4057192912,2016-04-13,5974,1280,160,0,0,1440,0,0,0,0,0.0,0.0,0,0.0,false,0
4057192912,2016-04-14,0,1440,0,0,0,1440,0,0,0,0,0.0,0.0,0,0.0,false,0
4057192912,2016-04-15,3937,865,86,6,3,960,0,0,0,0,0.0,0.0,0,0.0,false,0
4057192912,2016-04-16,0,0,0,0,0,0,0,0,0,0,0.0,0.0,0,0.0,false,0
4057192912,2016-04-17,0,0,0,0,0,0,0,0,0,0,0.0,0.0,0,0.0,false,0
4057192912,2016-04-18,0,0,0,0,0,0,0,0,0,0,0.0,0.0,0,0.0,false,0
4057192912,2016-04-19,0,0,0,0,0,0,0,0,0,0,0.0,0.0,0,0.0,false,0
4057192912,2016-04-20,0,0,0,0,0,0,0,0,0,0,0.0,0.0,0,0.0,false,0
4057192912,2016-04-21,0,0,0,0,0,0,0,0,0,0,0.0,0.0,0,0.0,false,0
4057192912,2016-04-22,0,0,0,0,0,0,0,0,0,0,0.0,0.0,0,0.0,false,0
4057192912,2016-04-23,0,0,0,0,0,0,0,0,0,0,0.0,0.0,0,0.0,false,0
4057192912,2016-04-24,0,0,0,0,0,0,0,0,0,0,0.0,0.0,0,0.0,false,0
4057192912,2016-04-25,0,0,0,0,0,0,0,0,0,0,0.0,0.0,0,0.0,false,0
4057192912,2016-04-26,0,0,0,0,0,0,0,0,0,0,0.0,0.0,0,0.0,false,0
4057192912,2016-04-27,0,0,0,0,0,0,0,0,0,0,0.0,0.0,0,0.0,false,0
4057192912,2016-04-28,0,0,0,0,0,0,0,0,0,0,0.0,0.0,0,0.0,false,0
4057192912,2016-04-29,0,0,0,0,0,0,0,0,0,0,0.0,0.0,0,0.0,false,0
4057192912,2016-04-30,0,0,0,0,0,0,0,0,0,0,0.0,0.0,0,0.0,false,0
4057192912,2016-05-01,0,0,0,0,0,0,0,0,0,0,0.0,0.0,0,0.0,false,0
4057192912,2016-05-02,0,0,0,0,0,0,0,0,0,0,0.0,0.0,0,0.0,false,0
4057192912,2016-05-03,0,0,0,0,0,0,0,0,0,0,0.0,0.0,0,0.0,false,0
4057192912,2016-05-04,0,0,0,0,0,0,0,0,0,0,0.0,0.0,0,0.0,false,0
4057192912,2016-05-05,0,0,0,0,0,0,0,0,0,0,0.0,0.0,0,0.0,false,0
4057192912,2016-05-06,0,0,0,0,0,0,0,0,0,0,0.0,0.0,0,0.0,false,0
4057192912,2016-05-07,0,0,0,0,0,0,0,0,0,0,0.0,0.0,0,0.0,false,0
4057192912,2016-05-08,0,0,0,0,0,0,0,0,0,0,0.0,0.0,0,0.0,false,0
4057192912,2016-05-09,0,0,0,0,0,0,0,0,0,0,0.0,0.0,0,0.0,false,0
4057192912,2016-05-10,0,0,0,0,0,0,0,0,0,0,0.0,0.0,0,0.0,false,0
4057192912,2016-05-11,0,0,0,0,0,0,0,0,0,0,0.0,0.0,0,0.0,false,0
4057192912,2016-05-12,0,0,0,0,0,0,0,0,0,0,0.0,0.0,0,0.0,false,0
4319703577,2016-04-12,0,1440,0,0,0,1440,0,0,0,0,0.0,0.0,0,0.0,false,0
4319703577,2016-04-13,3619,1321,96,15,8,1440,0,0,0,0,0.0,0.0,0,0.0,false,0
4319703577,2016-04-14,10210,1091,339,9,1,1440,1,535,557,0,0.0,0.0,0,0.0,false,0
4319703577,2016-04-15,5664,1212,228,0,0,1440,1,465,491,0,0.0,0.0,0,0.0,false,0
4319703577,2016-04-16,4744,1246,194,0,0,1440,1,506,522,0,0.0,0.0,0,0.0,false,0
4319703577,2016-04-17,29,1437,3,0,0,1440,0,0,0,0,72.4,159.6,25,27.5,false,1460937599000
4319703577,2016-04-18,2229,1372,58,9,1,1440,1,515,551,0,0.0,0.0,0,0.0,false,0
4319703577,2016-04-19,8925,1129,311,0,0,1440,2,461,498,0,0.0,0.0,0,0.0,false,0
4319703577,2016-04-20,8915,1116,306,18,0,1440,1,523,543,0,0.0,0.0,0,0.0,false,0
4319703577,2016-04-21,517,1406,34,0,0,1440,1,59,65,0,0.0,0.0,0,0.0,false,0
4319703577,2016-04-22,4500,1244,176,19,1,1440,1,533,550,0,0.0,0.0,0,0.0,false,0
4319703577,2016-04-23,4935,1207,233,0,0,1440,1,692,722,0,0.0,0.0,0,0.0,false,0
4319703577,2016-04-24,4081,1243,191,5,1,1440,1,467,501,0,0.0,0.0,0,0.0,false,0
4319703577,2016-04-25,9259,1042,390,8,0,1440,1,488,506,0,0.0,0.0,0,0.0,false,0
4319703577,2016-04-26,9899,1123,288,21,8,1440,1,505,516,0,0.0,0.0,0,0.0,false,0
4319703577,2016-04-27,10780,1087,300,47,6,1440,1,286,307,0,0.0,0.0,0,0.0,false,0
4319703577,2016-04-28,10810,1060,359,8,13,1440,1,497,522,0,0.0,0.0,0,0.0,false,0
4319703577,2016-04-29,7990,1127,289,18,6,1440,1,523,546,0,0.0,0.0,0,0.0,false,0
4319703577,2016-04-30,8221,1200,196,38,6,1440,1,490,516,0,0.0,0.0,0,0.0,false,0
4319703577,2016-05-01,1251,1373,67,0,0,1440,1,484,500,0,0.0,0.0,0,0.0,false,0
4319703577,2016-05-02,9121,1085,344,11,0,1440,1,478,506,0,0.0,0.0,0,0.0,false,0
4319703577,2016-05-03,9648,1119,287,26,8,1440,1,474,512,0,0.0,0.0,0,0.0,false,0
4319703577,2016-05-04,10429,1106,313,13,8,1440,0,0,0,0,72.3,159.4,0,27.4,false,1462406399000
4319703577,2016-05-05,13658,1051,328,34,27,1440,0,0,0,0,0.0,0.0,0,0.0,false,0
4319703577,2016-05-06,9426,1109,314,11,6,1440,1,450,491,0,0.0,0.0,0,0.0,false,0
4319703577,2016-05-07,7937,1130,279,28,3,1440,1,507,530,0,0.0,0.0,0,0.0,false,0
4319703577,2016-05-08,3672,1287,153,0,0,1440,1,602,638,0,0.0,0.0,0,0.0,false,0
4319703577,2016-05-09,10362,1050,374,14,2,1440,1,535,565,0,0.0,0.0,0,0.0,false,0
4319703577,2016-05-10,9487,1096,329,12,3,1440,1,487,517,0,0.0,0.0,0,0.0,false,0
4319703577,2016-05-11,9129,1108,311,18,3,1440,1,529,558,0,0.0,0.0,0,0.0,false,0
4319703577,2016-05-12,17,238,2,0,0,240,1,302,321,0,0.0,0.0,0,0.0,false,0
4388161847,2016-04-12,0,1440,0,0,0,1440,0,0,0,0,0.0,0.0,0,0.0,false,0
4388161847,2016-04-13,5938,1275,150,14,1,1440,0,0,0,67,0.0,0.0,0,0.0,false,0
4388161847,2016-04-14,8863,1176,219,35,10,1440,0,0,0,68,0.0,0.0,0,0.0,false,0
4388161847,2016-04-15,8758,1141,299,0,0,1440,1,499,526,67,0.0,0.0,0,0.0,false,0
4388161847,2016-04-16,6580,1172,253,9,6,1440,2,426,448,75,0.0,0.0,0,0.0,false,0
4388161847,2016-04-17,4660,1239,201,0,0,1440,2,619,641,66,0.0,0.0,0,0.0,false,0
4388161847,2016-04-18,11009,1166,239,8,27,1440,1,99,104,81,0.0,0.0,0,0.0,false,0
4388161847,2016-04-19,10181,1155,249,16,20,1440,1,329,338,66,0.0,0.0,0,0.0,false,0
4388161847,2016-04-20,10553,1151,228,42,19,1440,1,421,451,65,0.0,0.0,0,0.0,false,0
4388161847,2016-04-21,10055,1149,272,12,7,1440,1,442,458,63,0.0,0.0,0,0.0,false,0
4388161847,2016-04-22,12139,1118,220,25,77,1440,1,82,85,73,0.0,0.0,0,0.0,false,0
4388161847,2016-04-23,13236,1162,215,5,58,1440,1,478,501,67,0.0,0.0,0,0.0,false,0
4388161847,2016-04-24,10243,1179,239,8,14,1440,3,552,595,62,0.0,0.0,0,0.0,false,0
4388161847,2016-04-25,12961,1097,301,31,11,1440,0,0,0,68,0.0,0.0,0,0.0,false,0
4388161847,2016-04-26,9461,1179,224,23,14,1440,1,319,346,63,0.0,0.0,0,0.0,false,0
4388161847,2016-04-27,11193,1140,241,48,11,1440,1,439,500,62,0.0,0.0,0,0.0,false,0
4388161847,2016-04-28,10074,1178,234,9,19,1440,1,428,458,62,0.0,0.0,0,0.0,false,0
4388161847,2016-04-29,9232,1175,236,16,13,1440,0,0,0,66,0.0,0.0,0,0.0,false,0
4388161847,2016-04-30,12533,1083,300,43,14,1440,2,409,430,64,0.0,0.0,0,0.0,false,0
4388161847,2016-05-01,10255,1172,241,15,12,1440,1,547,597,60,0.0,0.0,0,0.0,false,0
4388161847,2016-05-02,10096,1199,204,4,33,1440,2,368,376,66,0.0,0.0,0,0.0,false,0
4388161847,2016-05-03,12727,1098,306,18,18,1440,0,0,0,67,0.0,0.0,0,0.0,false,0
4388161847,2016-05-04,12375,1133,251,21,35,1440,1,390,414,62,0.0,0.0,0,0.0,false,0
4388161847,2016-05-05,9603,1190,199,39,12,1440,1,471,495,61,0.0,0.0,0,0.0,false,0
4388161847,2016-05-06,13175,1100,262,45,33,1440,0,0,0,69,0.0,0.0,0,0.0,false,0
4388161847,2016-05-07,22770,1004,260,56,120,1440,1,472,496,67,0.0,0.0,0,0.0,false,0
4388161847,2016-05-08,17298,1117,178,38,107,1440,2,529,541,77,0.0,0.0,0,0.0,false,0
4388161847,2016-05-09,10218,1157,258,19,6,1440,1,62,65,64,0.0,0.0,0,0.0,false,0
4388161847,2016-05-10,10299,1146,267,14,13,1440,1,354,375,61,0.0,0.0,0,0.0,false,0
4388161847,2016-05-11,10201,1158,256,18,8,1440,1,469,494,60,0.0,0.0,0,0.0,false,0
4388161847,2016-05-12,3079,799,101,0,0,900,0,0,0,60,0.0,0.0,0,0.0,false,0
4445114986,2016-04-12,3276,1244,196,0,0,1440,2,429,457,0,0.0,0.0,0,0.0,false,0
4445114986,2016-04-13,2961,1246,194,0,0,1440,2,370,406,0,0.0,0.0,0,0.0,false,0
4445114986,2016-04-14,3974,1209,231,0,0,1440,1,441,492,0,0.0,0.0,0,0.0,false,0
4445114986,2016-04-15,7198,1090,350,0,0,1440,2,337,379,0,0.0,0.0,0,0.0,false,0
4445114986,2016-04-16,3945,1215,225,0,0,1440,1,462,499,0,0.0,0.0,0,0.0,false,0
4445114986,2016-04-17,2258,1326,114,0,0,1440,1,98,107,0,0.0,0.0,0,0.0,false,0
4445114986,2016-04-18,6155,1247,162,6,25,1440,0,0,0,0,0.0,0.0,0,0.0,false,0
4445114986,2016-04-19,2064,1319,121,0,0,1440,2,388,424,0,0.0,0.0,0,0.0,false,0
4445114986,2016-04-20,2072,1303,137,0,0,1440,1,439,462,0,0.0,0.0,0,0.0,false,0
4445114986,2016-04-21,3789,1225,215,0,0,1440,1,436,469,0,0.0,0.0,0,0.0,false,0
4445114986,2016-04-22,6831,1123,317,0,0,1440,1,388,417,0,0.0,0.0,0,0.0,false,0
4445114986,2016-04-23,4363,1239,201,0,0,1440,0,0,0,0,0.0,0.0,0,0.0,false,0
4445114986,2016-04-24,5002,1196,244,0,0,1440,0,0,0,0,0.0,0.0,0,0.0,false,0
4445114986,2016-04-25,3385,1261,179,0,0,1440,1,328,345,0,0.0,0.0,0,0.0,false,0
4445114986,2016-04-26,6326,1230,180,1,29,1440,2,353,391,0,0.0,0.0,0,0.0,false,0
4445114986,2016-04-27,7243,1213,194,1,32,1440,1,332,374,0,0.0,0.0,0,0.0,false,0
4445114986,2016-04-28,4493,1204,236,0,0,1440,1,419,442,0,0.0,0.0,0,0.0,false,0
4445114986,2016-04-29,4658,1214,226,0,0,1440,1,106,108,0,0.0,0.0,0,0.0,false,0
4445114986,2016-04-30,6222,1150,290,0,0,1440,1,322,353,0,0.0,0.0,0,0.0,false,0
4445114986,2016-05-01,5232,1200,240,0,0,1440,2,439,459,0,0.0,0.0,0,0.0,false,0
4445114986,2016-05-02,6910,1209,200,4,27,1440,1,502,542,0,0.0,0.0,0,0.0,false,0
4445114986,2016-05-03,7502,1175,233,2,30,1440,2,417,450,0,0.0,0.0,0,0.0,false,0
4445114986,2016-05-04,2923,1260,180,0,0,1440,2,337,363,0,0.0,0.0,0,0.0,false,0
4445114986,2016-05-05,3800,1247,185,6,2,1440,2,462,513,0,0.0,0.0,0,0.0,false,0
4445114986,2016-05-06,4514,1211,229,0,0,1440,2,374,402,0,0.0,0.0,0,0.0,false,0
4445114986,2016-05-07,5167,1302,108,4,26,1440,2,401,436,0,0.0,0.0,0,0.0,false,0
4445114986,2016-05-08,7303,1124,308,8,0,1440,1,361,391,0,0.0,0.0,0,0.0,false,0
4445114986,2016-05-09,5275,1174,266,0,0,1440,1,457,533,0,0.0,0.0,0,0.0,false,0
4445114986,2016-05-10,3915,1209,231,0,0,1440,1,405,426,0,0.0,0.0,0,0.0,false,0
4445114986,2016-05-11,9105,1152,232,22,34,1440,1,499,530,0,0.0,0.0,0,0.0,false,0
4445114986,2016-05-12,484,745,35,0,0,780,1,483,501,0,0.0,0.0,0,0.0,false,0
4558609924,2016-04-12,5135,1122,318,0,0,1440,0,0,0,77,0.0,0.0,0,0.0,false,0
4558609924,2016-04-13,4978,1287,127,7,19,1440,0,0,0,85,0.0,0.0,0,0.0,false,0
4558609924,2016-04-14,6799,1161,279,0,0,1440,0,0,0,82,0.0,0.0,0,0.0,false,0
4558609924,2016-04-15,7795,1131,262,30,17,1440,0,0,0,91,0.0,0.0,0,0.0,false,0
4558609924,2016-04-16,7265,1112,308,12,8,1440,0,0,0,76,0.0,0.0,0,0.0,false,0
4558609924,2016-04-17,9634,1110,304,19,7,1440,0,0,0,83,0.0,0.0,0,0.0,false,0
4558609924,2016-04-18,8940,1080,331,15,14,1440,0,0,0,80,69.7,153.7,0,27.3,false,1461023999000
4558609924,2016-04-19,5401,1182,248,9,1,1440,0,0,0,83,0.0,0.0,0,0.0,false,0
4558609924,2016-04-20,4803,1218,222,0,0,1440,0,0,0,77,0.0,0.0,0,0.0,false,0
4558609924,2016-04-21,13743,981,432,21,6,1440,1,126,137,86,0.0,0.0,0,0.0,false,0
4558609924,2016-04-22,9601,1122,273,25,20,1440,0,0,0,83,0.0,0.0,0,0.0,false,0
4558609924,2016-04-23,6890,1122,308,5,5,1440,0,0,0,86,0.0,0.0,0,0.0,false,0
4558609924,2016-04-24,8553,1045,395,0,0,1440,0,0,0,84,0.0,0.0,0,0.0,false,0
4558609924,2016-04-25,8095,1072,340,10,18,1440,0,0,0,82,70.3,155.0,0,27.5,false,1461628799000
4558609924,2016-04-26,9148,1104,283,41,12,1440,1,103,121,91,0.0,0.0,0,0.0,false,0
4558609924,2016-04-27,9557,1087,312,14,27,1440,0,0,0,85,0.0,0.0,0,0.0,false,0
4558609924,2016-04-28,9451,1061,367,11,1,1440,0,0,0,86,0.0,0.0,0,0.0,false,0
4558609924,2016-04-29,7833,1199,197,29,15,1440,1,171,179,81,0.0,0.0,0,0.0,false,0
4558609924,2016-04-30,10310,1111,293,29,7,1440,0,0,0,79,0.0,0.0,0,0.0,false,0
4558609924,2016-05-01,3428,1250,190,0,0,1440,1,115,129,71,69.9,154.1,0,27.3,false,1462147199000
4558609924,2016-05-02,7891,1057,383,0,0,1440,0,0,0,79,69.2,152.6,0,27.0,false,1462233599000
4558609924,2016-05-03,5267,1172,237,10,21,1440,0,0,0,83,0.0,0.0,0,0.0,false,0
4558609924,2016-05-04,5232,1188,252,0,0,1440,0,0,0,77,0.0,0.0,0,0.0,false,0
4558609924,2016-05-05,10611,1048,370,8,14,1440,0,0,0,82,0.0,0.0,0,0.0,false,0
4558609924,2016-05-06,3755,1238,202,0,0,1440,0,0,0,72,0.0,0.0,0,0.0,false,0
4558609924,2016-05-07,8237,1168,233,16,23,1440,0,0,0,76,0.0,0.0,0,0.0,false,0
4558609924,2016-05-08,6543,1101,238,35,66,1440,1,123,134,105,0.0,0.0,0,0.0,false,0
4558609924,2016-05-09,11451,1065,339,30,6,1440,0,0,0,79,69.1,152.3,0,27.0,false,1462838399000
4558609924,2016-05-10,6435,1191,220,18,11,1440,0,0,0,76,0.0,0.0,0,0.0,false,0
4558609924,2016-05-11,9108,1081,324,31,4,1440,0,0,0,75,0.0,0.0,0,0.0,false,0
4558609924,2016-05-12,6020,728,232,0,0,960,0,0,0,80,0.0,0.0,0,0.0,false,0
4702921684,2016-04-12,7213,1177,263,0,0,1440,1,425,439,0,0.0,0.0,0,0.0,false,0
4702921684,2016-04-13,6877,1182,258,0,0,1440,2,400,430,0,0.0,0.0,0,0.0,false,0
4702921684,2016-04-14,7860,1169,271,0,0,1440,1,384,415,0,0.0,0.0,0,0.0,false,0
4702921684,2016-04-15,6506,1175,256,8,1,1440,1,253,257,0,0.0,0.0,0,0.0,false,0
4702921684,2016-04-16,11134,1078,335,24,3,1440,2,382,406,0,0.0,0.0,0,0.0,false,0
4702921684,2016-04-17,12692,1060,302,66,12,1440,1,591,612,0,0.0,0.0,0,0.0,false,0
4702921684,2016-04-18,9105,1197,191,30,22,1440,1,293,312,0,0.0,0.0,0,0.0,false,0
4702921684,2016-04-19,6708,1243,179,8,10,1440,1,457,487,0,0.0,0.0,0,0.0,false,0
4702921684,2016-04-20,8793,1149,260,29,2,1440,1,454,468,0,0.0,0.0,0,0.0,false,0
4702921684,2016-04-21,6530,1251,144,41,4,1440,1,425,434,0,0.0,0.0,0,0.0,false,0
4702921684,2016-04-22,1664,1368,72,0,0,1440,0,0,0,0,0.0,0.0,0,0.0,false,0
4702921684,2016-04-23,15126,957,408,66,9,1440,1,465,475,0,0.0,0.0,0,0.0,false,0
4702921684,2016-04-24,15050,1049,281,95,15,1440,1,480,506,0,0.0,0.0,0,0.0,false,0
4702921684,2016-04-25,9140,1149,270,15,6,1440,1,370,380,0,0.0,0.0,0,0.0,false,0
4702921684,2016-04-26,6108,1215,216,8,1,1440,1,421,429,0,0.0,0.0,0,0.0,false,0
4702921684,2016-04-27,6976,1185,238,16,1,1440,1,432,449,0,0.0,0.0,0,0.0,false,0
4702921684,2016-04-28,9023,1185,232,9,14,1440,1,442,461,0,0.0,0.0,0,0.0,false,0
4702921684,2016-04-29,9930,1142,267,19,12,1440,1,433,447,0,0.0,0.0,0,0.0,false,0
4702921684,2016-04-30,10144,1137,263,36,4,1440,1,479,501,0,0.0,0.0,0,0.0,false,0
4702921684,2016-05-01,0,1440,0,0,0,1440,0,0,0,0,0.0,0.0,0,0.0,false,0
4702921684,2016-05-02,7245,1200,195,40,5,1440,0,0,0,0,0.0,0.0,0,0.0,false,0
4702921684,2016-05-03,9454,1127,313,0,0,1440,1,327,373,0,0.0,0.0,0,0.0,false,0
4702921684,2016-05-04,8161,1170,251,15,4,1440,1,412,434,0,0.0,0.0,0,0.0,false,0
4702921684,2016-05-05,8614,1186,241,5,8,1440,1,414,428,0,0.0,0.0,0,0.0,false,0
4702921684,2016-05-06,6910,1216,207,16,1,1440,1,404,449,0,0.0,0.0,0,0.0,false,0
4702921684,2016-05-07,14370,950,439,46,5,1440,1,520,543,0,0.0,0.0,0,0.0,false,0
4702921684,2016-05-08,12857,1114,192,125,9,1440,0,0,0,0,0.0,0.0,0,0.0,false,0
4702921684,2016-05-09,8232,1175,253,12,0,1440,1,435,458,0,0.0,0.0,0,0.0,false,0
4702921684,2016-05-10,10613,1140,262,37,1,1440,1,416,431,0,0.0,0.0,0,0.0,false,0
4702921684,2016-05-11,9772,1154,235,41,10,1440,1,354,366,0,0.0,0.0,0,0.0,false,0
4702921684,2016-05-12,2752,592,68,0,0,660,1,404,442,0,0.0,0.0,0,0.0,false,0
5553957443,2016-04-12,11596,1131,277,13,19,1440,1,441,464,64,0.0,0.0,0,0.0,false,0
5553957443,2016-04-13,4832,1214,226,0,0,1440,2,455,488,61,0.0,0.0,0,0.0,false,0
5553957443,2016-04-14,17022,1082,256,41,61,1440,1,357,418,73,0.0,0.0,0,0.0,false,0
5553957443,2016-04-15,16556,1105,239,38,58,1440,1,377,409,69,0.0,0.0,0,0.0,false,0
5553957443,2016-04-16,5771,1152,288,0,0,1440,2,651,686,66,0.0,0.0,0,0.0,false,0
5553957443,2016-04-17,655,1394,46,0,0,1440,1,350,402,59,0.0,0.0,0,0.0,false,0
5553957443,2016-04-18,3727,1234,206,0,0,1440,2,520,541,65,0.0,0.0,0,0.0,false,0
5553957443,2016-04-19,15482,1094,249,28,69,1440,1,357,410,75,0.0,0.0,0,0.0,false,0
5553957443,2016-04-20,2713,1292,148,0,0,1440,1,658,678,60,0.0,0.0,0,0.0,false,0
5553957443,2016-04-21,12346,1174,177,42,47,1440,1,399,431,71,0.0,0.0,0,0.0,false,0
5553957443,2016-04-22,11670,1129,270,16,25,1440,1,322,353,70,0.0,0.0,0,0.0,false,0
5553957443,2016-04-23,4110,1168,272,0,0,1440,2,631,725,67,0.0,0.0,0,0.0,false,0
5553957443,2016-04-24,1807,1336,104,0,0,1440,2,553,640,64,0.0,0.0,0,0.0,false,0
5553957443,2016-04-25,10946,1177,201,11,51,1440,1,433,468,72,0.0,0.0,0,0.0,false,0
5553957443,2016-04-26,11886,1144,238,18,40,1440,1,412,453,73,0.0,0.0,0,0.0,false,0
5553957443,2016-04-27,10538,1202,206,16,16,1440,1,347,391,65,0.0,0.0,0,0.0,false,0
5553957443,2016-04-28,11393,1213,165,13,49,1440,1,421,457,71,0.0,0.0,0,0.0,false,0
5553957443,2016-04-29,12764,1109,270,15,46,1440,1,450,495,73,0.0,0.0,0,0.0,false,0
5553957443,2016-04-30,1202,1356,84,0,0,1440,2,775,843,66,0.0,0.0,0,0.0,false,0
5553957443,2016-05-01,5164,1203,237,0,0,1440,2,622,686,67,0.0,0.0,0,0.0,false,0
5553957443,2016-05-02,9769,1181,227,9,23,1440,1,409,471,73,0.0,0.0,0,0.0,false,0
5553957443,2016-05-03,12821,1138,247,29,26,1440,1,380,429,70,0.0,0.0,0,0.0,false,0
5553957443,2016-05-04,4249,1216,224,0,0,1440,1,447,470,62,0.0,0.0,0,0.0,false,0
5553957443,2016-05-05,14331,1126,241,29,44,1440,1,419,464,69,0.0,0.0,0,0.0,false,0
5553957443,2016-05-06,9632,1181,229,9,21,1440,1,400,434,63,0.0,0.0,0,0.0,false,0
5553957443,2016-05-07,1868,1344,96,0,0,1440,1,442,470,63,0.0,0.0,0,0.0,false,0
5553957443,2016-05-08,6083,1219,210,8,3,1440,1,568,608,66,0.0,0.0,0,0.0,false,0
5553957443,2016-05-09,11611,1108,251,22,59,1440,1,453,494,77,0.0,0.0,0,0.0,false,0
5553957443,2016-05-10,16315,1074,265,40,61,1440,1,418,443,77,0.0,0.0,0,0.0,false,0
5553957443,2016-05-11,4926,1245,195,0,0,1440,1,463,486,65,0.0,0.0,0,0.0,false,0
5553957443,2016-05-12,3121,538,48,6,8,600,1,438,475,64,0.0,0.0,0,0.0,false,0
5577150313,2016-04-12,8135,1198,140,16,86,1440,1,419,438,66,0.0,0.0,0,0.0,false,0
5577150313,2016-04-13,5077,1270,144,11,15,1440,1,432,458,60,0.0,0.0,0,0.0,false,0
5577150313,2016-04-14,8596,1116,176,30,118,1440,1,477,497,77,0.0,0.0,0,0.0,false,0
5577150313,2016-04-15,12087,1072,199,54,115,1440,1,392,413,74,0.0,0.0,0,0.0,false,0
5577150313,2016-04-16,14261,1042,158,56,184,1440,1,406,445,70,0.0,0.0,0,0.0,false,0
5577150313,2016-04-17,12231,1044,159,37,200,1440,1,549,583,71,90.7,200.0,0,28.0,true,1460884675000
5577150313,2016-04-18,9893,1164,130,32,114,1440,1,527,553,69,0.0,0.0,0,0.0,false,0
5577150313,2016-04-19,12574,1198,111,23,108,1440,1,449,465,70,0.0,0.0,0,0.0,false,0
5577150313,2016-04-20,8330,1224,113,16,87,1440,1,447,480,69,0.0,0.0,0,0.0,false,0
5577150313,2016-04-21,10830,1081,175,74,110,1440,1,414,437,72,0.0,0.0,0,0.0,false,0
5577150313,2016-04-22,8700,1148,200,30,62,1440,1,338,366,65,0.0,0.0,0,0.0,false,0
5577150313,2016-04-23,7638,1169,223,24,24,1440,1,384,402,65,0.0,0.0,0,0.0,false,0
5577150313,2016-04-24,15764,1024,141,65,210,1440,1,543,615,72,0.0,0.0,0,0.0,false,0
5577150313,2016-04-25,6393,1127,214,38,61,1440,1,421,461,68,0.0,0.0,0,0.0,false,0
5577150313,2016-04-26,5325,1189,181,32,38,1440,1,354,377,65,0.0,0.0,0,0.0,false,0
5577150313,2016-04-27,6805,1171,190,16,63,1440,1,424,452,66,0.0,0.0,0,0.0,false,0
5577150313,2016-04-28,9841,1149,141,51,99,1440,1,361,372,71,0.0,0.0,0,0.0,false,0
5577150313,2016-04-29,7924,1142,165,36,97,1440,1,459,485,66,0.0,0.0,0,0.0,false,0
5577150313,2016-04-30,12363,1025,163,45,207,1440,1,412,433,72,0.0,0.0,0,0.0,false,0
5577150313,2016-05-01,13368,996,178,72,194,1440,1,379,398,74,0.0,0.0,0,0.0,false,0
5577150313,2016-05-02,7414,1148,235,20,37,1440,2,525,553,65,0.0,0.0,0,0.0,false,0
5577150313,2016-05-03,11045,1123,212,8,97,1440,1,508,543,70,0.0,0.0,0,0.0,false,0
5577150313,2016-05-04,5206,1265,141,9,25,1440,1,603,634,62,0.0,0.0,0,0.0,false,0
5577150313,2016-05-05,7550,1231,143,21,45,1440,1,74,78,72,0.0,0.0,0,0.0,false,0
5577150313,2016-05-06,4950,1304,79,16,41,1440,0,0,0,70,0.0,0.0,0,0.0,false,0
5577150313,2016-05-07,0,1440,0,0,0,1440,0,0,0,0,0.0,0.0,0,0.0,false,0
5577150313,2016-05-08,0,1440,0,0,0,1440,0,0,0,0,0.0,0.0,0,0.0,false,0
5577150313,2016-05-09,3421,1325,70,11,34,1440,0,0,0,68,0.0,0.0,0,0.0,false,0
5577150313,2016-05-10,8869,1105,194,37,104,1440,1,504,562,75,0.0,0.0,0,0.0,false,0
5577150313,2016-05-11,3929,599,61,15,45,720,1,431,476,67,0.0,0.0,0,0.0,false,0
5577150313,2016-05-12,0,0,0,0,0,0,0,0,0,0,0.0,0.0,0,0.0,false,0
6117666160,2016-04-12,0,1440,0,0,0,1440,0,0,0,0,0.0,0.0,0,0.0,false,0
6117666160,2016-04-13,0,1440,0,0,0,1440,0,0,0,0,0.0,0.0,0,0.0,false,0
6117666160,2016-04-14,0,1440,0,0,0,1440,0,0,0,0,0.0,0.0,0,0.0,false,0
6117666160,2016-04-15,14019,921,513,6,0,1440,0,0,0,98,0.0,0.0,0,0.0,false,0
6117666160,2016-04-16,14450,900,518,15,7,1440,1,380,398,87,0.0,0.0,0,0.0,false,0
6117666160,2016-04-17,7150,1128,312,0,0,1440,2,336,350,85,0.0,0.0,0,0.0,false,0
6117666160,2016-04-18,5153,1199,241,0,0,1440,2,493,510,83,0.0,0.0,0,0.0,false,0
6117666160,2016-04-19,11135,960,480,0,0,1440,1,465,492,84,0.0,0.0,0,0.0,false,0
6117666160,2016-04-20,10449,1055,349,10,26,1440,1,474,502,86,0.0,0.0,0,0.0,false,0
6117666160,2016-04-21,9093,1116,294,19,11,1440,1,508,550,79,0.0,0.0,0,0.0,false,0
6117666160,2016-04-22,8206,1038,402,0,0,1440,1,480,546,82,0.0,0.0,0,0.0,false,0
6117666160,2016-04-23,11495,928,512,0,0,1440,1,492,539,82,0.0,0.0,0,0.0,false,0
6117666160,2016-04-24,7623,1078,362,0,0,1440,1,353,367,84,0.0,0.0,0,0.0,false,0
6117666160,2016-04-25,0,1440,0,0,0,1440,0,0,0,0,0.0,0.0,0,0.0,false,0
6117666160,2016-04-26,9543,1081,352,7,0,1440,0,0,0,91,0.0,0.0,0,0.0,false,0
6117666160,2016-04-27,9411,982,458,0,0,1440,1,542,557,83,0.0,0.0,0,0.0,false,0
6117666160,2016-04-28,3403,1299,141,0,0,1440,1,393,416,80,0.0,0.0,0,0.0,false,0
6117666160,2016-04-29,9592,979,461,0,0,1440,1,600,636,82,0.0,0.0,0,0.0,false,0
6117666160,2016-04-30,6987,1097,343,0,0,1440,0,0,0,85,0.0,0.0,0,0.0,false,0
6117666160,2016-05-01,8915,1043,397,0,0,1440,1,507,575,77,0.0,0.0,0,0.0,false,0
6117666160,2016-05-02,4927,1205,235,0,0,1440,0,0,0,92,0.0,0.0,0,0.0,false,0
6117666160,2016-05-03,0,1440,0,0,0,1440,0,0,0,0,0.0,0.0,0,0.0,false,0
6117666160,2016-05-04,2997,1284,156,0,0,1440,0,0,0,93,0.0,0.0,0,0.0,false,0
6117666160,2016-05-05,9799,953,487,0,0,1440,1,392,415,85,0.0,0.0,0,0.0,false,0
6117666160,2016-05-06,3365,1307,133,0,0,1440,2,658,698,77,0.0,0.0,0,0.0,false,0
6117666160,2016-05-07,7336,1028,412,0,0,1440,2,498,507,84,0.0,0.0,0,0.0,false,0
6117666160,2016-05-08,7328,1122,318,0,0,1440,1,555,603,81,0.0,0.0,0,0.0,false,0
6117666160,2016-05-09,3297,565,155,0,0,720,1,492,522,76,0.0,0.0,0,0.0,false,0
6117666160,2016-05-10,0,0,0,0,0,0,0,0,0,0,0.0,0.0,0,0.0,false,0
6117666160,2016-05-11,0,0,0,0,0,0,0,0,0,0,0.0,0.0,0,0.0,false,0
6117666160,2016-05-12,0,0,0,0,0,0,0,0,0,0,0.0,0.0,0,0.0,false,0
6290855005,2016-04-12,4562,1241,199,0,0,1440,0,0,0,0,0.0,0.0,0,0.0,false,0
6290855005,2016-04-13,7142,1090,350,0,0,1440,0,0,0,0,0.0,0.0,0,0.0,false,0
6290855005,2016-04-14,7671,1077,363,0,0,1440,0,0,0,0,0.0,0.0,0,0.0,false,0
6290855005,2016-04-15,9501,1112,328,0,0,1440,0,0,0,0,0.0,0.0,0,0.0,false,0
6290855005,2016-04-16,8301,1182,258,0,0,1440,0,0,0,0,0.0,0.0,0,0.0,false,0
6290855005,2016-04-17,7851,1172,225,12,31,1440,0,0,0,0,0.0,0.0,0,0.0,false,0
6290855005,2016-04-18,6885,1169,271,0,0,1440,0,0,0,0,0.0,0.0,0,0.0,false,0
6290855005,2016-04-19,7142,1119,321,0,0,1440,0,0,0,0,0.0,0.0,0,0.0,false,0
6290855005,2016-04-20,6361,1182,258,0,0,1440,0,0,0,0,0.0,0.0,0,0.0,false,0
6290855005,2016-04-21,0,1440,0,0,0,1440,0,0,0,0,0.0,0.0,0,0.0,false,0
6290855005,2016-04-22,6238,1138,302,0,0,1440,0,0,0,0,0.0,0.0,0,0.0,false,0
6290855005,2016-04-23,0,1407,0,0,33,1440,0,0,0,0,0.0,0.0,0,0.0,false,0
6290855005,2016-04-24,5896,1182,258,0,0,1440,0,0,0,0,0.0,0.0,0,0.0,false,0
6290855005,2016-04-25,7802,1180,249,3,8,1440,0,0,0,0,0.0,0.0,0,0.0,false,0
6290855005,2016-04-26,0,1440,0,0,0,1440,0,0,0,0,0.0,0.0,0,0.0,false,0
6290855005,2016-04-27,5565,1153,287,0,0,1440,0,0,0,0,0.0,0.0,0,0.0,false,0
6290855005,2016-04-28,5731,1185,255,0,0,1440,0,0,0,0,0.0,0.0,0,0.0,false,0
6290855005,2016-04-29,0,1440,0,0,0,1440,0,0,0,0,0.0,0.0,0,0.0,false,0
6290855005,2016-04-30,6744,1116,324,0,0,1440,0,0,0,0,0.0,0.0,0,0.0,false,0
6290855005,2016-05-01,9837,1055,282,95,8,1440,0,0,0,0,0.0,0.0,0,0.0,false,0
6290855005,2016-05-02,6781,1172,268,0,0,1440,0,0,0,0,0.0,0.0,0,0.0,false,0
6290855005,2016-05-03,6047,1200,240,0,0,1440,0,0,0,0,0.0,0.0,0,0.0,false,0
6290855005,2016-05-04,5832,1168,272,0,0,1440,0,0,0,0,0.0,0.0,0,0.0,false,0
6290855005,2016-05-05,6339,1201,239,0,0,1440,0,0,0,0,0.0,0.0,0,0.0,false,0
6290855005,2016-05-06,6116,1135,305,0,0,1440,0,0,0,0,0.0,0.0,0,0.0,false,0
6290855005,2016-05-07,5510,1213,227,0,0,1440,0,0,0,0,0.0,0.0,0,0.0,false,0
6290855005,2016-05-08,7706,1189,251,0,0,1440,0,0,0,0,0.0,0.0,0,0.0,false,0
6290855005,2016-05-09,6118,763,257,0,0,1020,0,0,0,0,0.0,0.0,0,0.0,false,0
6290855005,2016-05-10,0,0,0,0,0,0,0,0,0,0,0.0,0.0,0,0.0,false,0
6290855005,2016-05-11,0,0,0,0,0,0,0,0,0,0,0.0,0.0,0,0.0,false,0
6290855005,2016-05-12,0,0,0,0,0,0,0,0,0,0,0.0,0.0,0,0.0,false,0
6775888955,2016-04-12,0,1440,0,0,0,1440,0,0,0,0,0.0,0.0,0,0.0,false,0
6775888955,2016-04-13,4053,1320,85,18,17,1440,1,235,260,83,0.0,0.0,0,0.0,false,0
6775888955,2016-04-14,5162,1297,105,24,14,1440,1,423,441,79,0.0,0.0,0,0.0,false,0
6775888955,2016-04-15,1282,1382,58,0,0,1440,1,391,406,81,0.0,0.0,0,0.0,false,0
6775888955,2016-04-16,4732,1377,9,18,36,1440,0,0,0,109,0.0,0.0,0,0.0,false,0
6775888955,2016-04-17,2497,1392,19,24,5,1440,0,0,0,102,0.0,0.0,0,0.0,false,0
6775888955,2016-04-18,8294,1233,146,31,30,1440,0,0,0,98,0.0,0.0,0,0.0,false,0
6775888955,2016-04-19,0,1440,0,0,0,1440,0,0,0,99,0.0,0.0,0,0.0,false,0
6775888955,2016-04-20,10771,1079,178,113,70,1440,0,0,0,106,0.0,0.0,0,0.0,false,0
6775888955,2016-04-21,0,1440,0,0,0,1440,0,0,0,0,0.0,0.0,0,0.0,false,0
6775888955,2016-04-22,637,1420,20,0,0,1440,0,0,0,91,0.0,0.0,0,0.0,false,0
6775888955,2016-04-23,0,1440,0,0,0,1440,0,0,0,0,0.0,0.0,0,0.0,false,0
6775888955,2016-04-24,2153,1400,11,18,11,1440,0,0,0,110,0.0,0.0,0,0.0,false,0
6775888955,2016-04-25,6463,1302,92,13,33,1440,0,0,0,95,0.0,0.0,0,0.0,false,0
6775888955,2016-04-26,7091,1321,47,30,42,1440,0,0,0,100,0.0,0.0,0,0.0,false,0
6775888955,2016-04-27,0,1440,0,0,0,1440,0,0,0,0,0.0,0.0,0,0.0,false,0
6775888955,2016-04-28,703,1410,15,13,2,1440,0,0,0,105,0.0,0.0,0,0.0,false,0
6775888955,2016-04-29,0,1440,0,0,0,1440,0,0,0,82,0.0,0.0,0,0.0,false,0
6775888955,2016-04-30,2503,1344,84,9,3,1440,0,0,0,96,0.0,0.0,0,0.0,false,0
6775888955,2016-05-01,2487,1347,50,34,9,1440,0,0,0,107,0.0,0.0,0,0.0,false,0
6775888955,2016-05-02,0,1440,0,0,0,1440,0,0,0,0,0.0,0.0,0,0.0,false,0
6775888955,2016-05-03,9,1439,1,0,0,1440,0,0,0,0,0.0,0.0,0,0.0,false,0
6775888955,2016-05-04,0,1440,0,0,0,1440,0,0,0,0,0.0,0.0,0,0.0,false,0
6775888955,2016-05-05,0,1440,0,0,0,1440,0,0,0,0,0.0,0.0,0,0.0,false,0
6775888955,2016-05-06,4642,1318,75,35,12,1440,0,0,0,99,0.0,0.0,0,0.0,false,0
6775888955,2016-05-07,1892,548,45,5,2,600,0,0,0,94,0.0,0.0,0,0.0,false,0
6775888955,2016-05-08,0,0,0,0,0,0,0,0,0,0,0.0,0.0,0,0.0,false,0
6775888955,2016-05-09,0,0,0,0,0,0,0,0,0,0,0.0,0.0,0,0.0,false,0
6775888955,2016-05-10,0,0,0,0,0,0,0,0,0,0,0.0,0.0,0,0.0,false,0
6775888955,2016-05-11,0,0,0,0,0,0,0,0,0,0,0.0,0.0,0,0.0,false,0
6775888955,2016-05-12,0,0,0,0,0,0,0,0,0,0,0.0,0.0,0,0.0,false,0
6962181067,2016-04-12,10199,1187,189,14,50,1440,1,366,387,85,62.5,137.8,0,24.4,false,1460505599000
6962181067,2016-04-13,5652,1266,142,24,8,1440,3,630,679,81,62.1,136.9,0,24.2,false,1460591999000
6962181067,2016-04-14,1551,1354,86,0,0,1440,2,508,535,70,61.7,136.0,0,24.1,false,1460678399000
6962181067,2016-04-15,5563,1223,217,0,0,1440,1,370,386,73,61.5,135.6,0,24.0,false,1460764799000
6962181067,2016-04-16,13217,1107,280,3,50,1440,1,357,366,82,62.0,136.7,0,24.2,false,1460851199000
6962181067,2016-04-17,10145,1127,295,13,5,1440,1,427,446,77,61.4,135.4,0,24.0,false,1460937599000
6962181067,2016-04-18,11404,1147,238,42,13,1440,1,442,458,77,61.2,134.9,0,23.9,false,1461023999000
6962181067,2016-04-19,10742,1169,195,41,35,1440,1,476,535,77,61.4,135.4,0,24.0,false,1461110399000
6962181067,2016-04-20,13928,1091,297,4,48,1440,1,418,424,75,61.7,136.0,0,24.1,false,1461196799000
6962181067,2016-04-21,11835,1146,214,27,53,1440,1,451,457,83,61.4,135.4,0,24.0,false,1461283199000
6962181067,2016-04-22,10725,1137,240,33,30,1440,1,425,435,79,61.4,135.4,0,24.0,false,1461369599000
6962181067,2016-04-23,20031,994,347,41,58,1440,1,528,546,85,61.5,135.6,0,24.0,false,1461455999000
6962181067,2016-04-24,5029,1241,199,0,0,1440,1,511,514,69,61.5,135.6,0,24.0,false,1461542399000
6962181067,2016-04-25,13239,1092,282,31,35,1440,1,400,415,74,61.7,136.0,0,24.1,false,1461628799000
6962181067,2016-04-26,10433,1143,254,7,36,1440,1,441,446,77,0.0,0.0,0,0.0,false,0
6962181067,2016-04-27,10320,1116,279,38,7,1440,1,455,467,73,61.2,134.9,0,23.9,false,1461801599000
6962181067,2016-04-28,12627,1106,288,8,38,1440,1,440,453,82,61.2,134.9,0,23.9,false,1461887999000
6962181067,2016-04-29,10762,1044,369,15,12,1440,1,433,447,81,61.4,135.4,0,24.0,false,1461974399000
6962181067,2016-04-30,10081,1155,237,16,32,1440,1,422,424,80,61.0,134.5,0,23.8,false,1462060799000
6962181067,2016-05-01,5454,1225,215,0,0,1440,1,411,426,73,61.7,136.0,0,24.1,false,1462147199000
6962181067,2016-05-02,12912,1070,313,39,18,1440,1,466,482,80,61.5,135.6,0,24.0,false,1462233599000
6962181067,2016-05-03,12109,1116,267,36,21,1440,1,394,418,75,61.0,134.5,0,23.8,false,1462319999000
6962181067,2016-05-04,10147,1105,284,36,15,1440,1,442,455,79,61.1,134.7,0,23.9,false,1462406399000
6962181067,2016-05-05,10524,1099,305,22,14,1440,1,467,491,77,61.3,135.1,0,23.9,false,1462492799000
6962181067,2016-05-06,5908,1141,299,0,0,1440,1,443,462,72,61.5,135.6,0,24.0,false,1462579199000
6962181067,2016-05-07,6815,1112,328,0,0,1440,1,298,334,77,61.2,134.9,0,23.9,false,1462665599000
6962181067,2016-05-08,4188,1275,151,14,0,1440,1,541,569,75,61.2,134.9,0,23.9,false,1462751999000
6962181067,2016-05-09,12342,1145,231,21,43,1440,1,489,497,77,62.4,137.6,0,24.4,false,1462838399000
6962181067,2016-05-10,15448,1069,275,34,62,1440,1,469,481,83,62.1,136.9,0,24.2,false,1462924799000
6962181067,2016-05-11,6722,1210,199,7,24,1440,1,452,480,79,61.9,136.5,0,24.2,false,1463011199000
6962181067,2016-05-12,3569,607,105,8,0,720,1,516,535,76,61.9,136.5,0,24.2,false,1463097599000
7007744171,2016-04-12,14172,1024,355,8,53,1440,0,0,0,96,0.0,0.0,0,0.0,false,0
7007744171,2016-04-13,12862,1101,261,22,56,1440,0,0,0,93,0.0,0.0,0,0.0,false,0
7007744171,2016-04-14,11179,1096,304,6,34,1440,0,0,0,92,0.0,0.0,0,0.0,false,0
7007744171,2016-04-15,5273,1238,202,0,0,1440,0,0,0,85,0.0,0.0,0,0.0,false,0
7007744171,2016-04-16,4631,1237,203,0,0,1440,1,79,82,80,0.0,0.0,0,0.0,false,0
7007744171,2016-04-17,8059,1135,305,0,0,1440,0,0,0,86,0.0,0.0,0,0.0,false,0
7007744171,2016-04-18,14816,1077,284,31,48,1440,0,0,0,93,0.0,0.0,0,0.0,false,0
7007744171,2016-04-19,14194,1066,304,17,53,1440,0,0,0,94,0.0,0.0,0,0.0,false,0
7007744171,2016-04-20,15566,1000,347,33,60,1440,0,0,0,97,0.0,0.0,0,0.0,false,0
7007744171,2016-04-21,13744,1049,327,34,30,1440,0,0,0,92,0.0,0.0,0,0.0,false,0
7007744171,2016-04-22,15299,1065,261,50,64,1440,0,0,0,94,0.0,0.0,0,0.0,false,0
7007744171,2016-04-23,8093,1190,223,25,2,1440,0,0,0,93,0.0,0.0,0,0.0,false,0
7007744171,2016-04-24,11085,1021,419,0,0,1440,0,0,0,95,0.0,0.0,0,0.0,false,0
7007744171,2016-04-25,18229,986,379,24,51,1440,0,0,0,95,0.0,0.0,0,0.0,false,0
7007744171,2016-04-26,15090,978,424,22,16,1440,0,0,0,91,0.0,0.0,0,0.0,false,0
7007744171,2016-04-27,13541,1041,337,12,50,1440,0,0,0,95,0.0,0.0,0,0.0,false,0
7007744171,2016-04-28,15128,1007,401,16,16,1440,0,0,0,89,0.0,0.0,0,0.0,false,0
7007744171,2016-04-29,20067,961,382,42,55,1440,0,0,0,94,0.0,0.0,0,0.0,false,0
7007744171,2016-04-30,3761,1240,200,0,0,1440,0,0,0,80,0.0,0.0,0,0.0,false,0
7007744171,2016-05-01,5600,1203,237,0,0,1440,1,58,61,85,0.0,0.0,0,0.0,false,0
7007744171,2016-05-02,13041,1112,250,14,64,1440,0,0,0,86,0.0,0.0,0,0.0,false,0
7007744171,2016-05-03,14510,1021,330,31,58,1440,0,0,0,93,0.0,0.0,0,0.0,false,0
7007744171,2016-05-04,0,1440,0,0,0,1440,0,0,0,0,0.0,0.0,0,0.0,false,0
7007744171,2016-05-05,15010,1047,317,23,53,1440,0,0,0,98,0.0,0.0,0,0.0,false,0
7007744171,2016-05-06,11459,1136,247,13,44,1440,0,0,0,87,0.0,0.0,0,0.0,false,0
7007744171,2016-05-07,0,60,0,0,0,60,0,0,0,0,0.0,0.0,0,0.0,false,0
7007744171,2016-05-08,0,0,0,0,0,0,0,0,0,0,0.0,0.0,0,0.0,false,0
7007744171,2016-05-09,0,0,0,0,0,0,0,0,0,0,0.0,0.0,0,0.0,false,0
7007744171,2016-05-10,0,0,0,0,0,0,0,0,0,0,0.0,0.0,0,0.0,false,0
7007744171,2016-05-11,0,0,0,0,0,0,0,0,0,0,0.0,0.0,0,0.0,false,0
7007744171,2016-05-12,0,0,0,0,0,0,0,0,0,0,0.0,0.0,0,0.0,false,0
7086361926,2016-04-12,11309,1222,153,6,59,1440,1,514,525,0,0.0,0.0,0,0.0,false,0
7086361926,2016-04-13,5813,1228,155,26,31,1440,1,451,465,0,0.0,0.0,0,0.0,false,0
7086361926,2016-04-14,8998,1184,189,32,35,1440,1,472,476,0,0.0,0.0,0,0.0,false,0
7086361926,2016-04-15,8585,1250,139,21,30,1440,1,377,386,0,0.0,0.0,0,0.0,false,0
7086361926,2016-04-16,31,1437,3,0,0,1440,0,0,0,0,0.0,0.0,0,0.0,false,0
7086361926,2016-04-17,0,1440,0,0,0,1440,0,0,0,0,0.0,0.0,0,0.0,false,0
7086361926,2016-04-18,9827,1214,114,51,61,1440,0,0,0,0,0.0,0.0,0,0.0,false,0
7086361926,2016-04-19,10688,1180,124,69,67,1440,1,472,483,0,0.0,0.0,0,0.0,false,0
7086361926,2016-04-20,14365,1195,145,13,87,1440,1,492,502,0,0.0,0.0,0,0.0,false,0
7086361926,2016-04-21,9469,1209,206,6,19,1440,1,390,411,0,0.0,0.0,0,0.0,false,0
7086361926,2016-04-22,9733,1170,153,59,58,1440,1,428,448,0,0.0,0.0,0,0.0,false,0
7086361926,2016-04-23,2811,1350,90,0,0,1440,0,0,0,0,0.0,0.0,0,0.0,false,0
7086361926,2016-04-24,3520,1315,125,0,0,1440,1,681,704,0,0.0,0.0,0,0.0,false,0
7086361926,2016-04-25,10091,1203,129,39,69,1440,1,446,447,0,0.0,0.0,0,0.0,false,0
7086361926,2016-04-26,10378,1205,132,33,70,1440,1,485,500,0,0.0,0.0,0,0.0,false,0
7086361926,2016-04-27,11107,1234,145,6,55,1440,1,469,479,0,0.0,0.0,0,0.0,false,0
7086361926,2016-04-28,11575,1177,161,48,54,1440,1,354,367,0,0.0,0.0,0,0.0,false,0
7086361926,2016-04-29,7881,1198,182,36,24,1440,0,0,0,0,0.0,0.0,0,0.0,false,0
7086361926,2016-04-30,14560,1073,308,17,42,1440,1,485,489,0,0.0,0.0,0,0.0,false,0
7086361926,2016-05-01,12375,1137,258,15,30,1440,1,388,407,0,0.0,0.0,0,0.0,false,0
7086361926,2016-05-02,10052,1209,139,26,66,1440,1,440,459,0,0.0,0.0,0,0.0,false,0
7086361926,2016-05-03,10288,1195,152,36,57,1440,1,456,461,0,0.0,0.0,0,0.0,false,0
7086361926,2016-05-04,10988,1248,135,12,45,1440,1,420,436,0,0.0,0.0,0,0.0,false,0
7086361926,2016-05-05,8525,1253,149,14,24,1440,0,0,0,0,0.0,0.0,0,0.0,false,0
7086361926,2016-05-06,12461,1167,154,35,84,1440,1,322,333,0,0.0,0.0,0,0.0,false,0
7086361926,2016-05-07,12827,1169,209,42,20,1440,1,530,548,0,0.0,0.0,0,0.0,false,0
7086361926,2016-05-08,10677,1234,147,27,32,1440,1,481,510,0,0.0,0.0,0,0.0,false,0
7086361926,2016-05-09,13558,1152,171,50,67,1440,1,427,438,0,0.0,0.0,0,0.0,false,0
7086361926,2016-05-10,14407,1239,106,23,72,1440,0,0,0,0,0.0,0.0,0,0.0,false,0
7086361926,2016-05-11,9572,1215,128,40,57,1440,1,451,463,0,0.0,0.0,0,0.0,false,0
7086361926,2016-05-12,1032,748,32,0,0,780,1,444,457,0,0.0,0.0,0,0.0,false,0
8053475328,2016-04-12,18060,1193,123,8,116,1440,0,0,0,0,0.0,0.0,0,0.0,false,0
8053475328,2016-04-13,16433,1177,156,12,95,1440,0,0,0,0,0.0,0.0,0,0.0,false,0
8053475328,2016-04-14,20089,1123,193,5,119,1440,0,0,0,0,0.0,0.0,0,0.0,false,0
8053475328,2016-04-15,20669,1142,158,8,132,1440,0,0,0,0,0.0,0.0,0,0.0,false,0
8053475328,2016-04-16,14549,1255,83,6,96,1440,0,0,0,0,0.0,0.0,0,0.0,false,0
8053475328,2016-04-17,18827,1113,195,21,111,1440,0,0,0,0,0.0,0.0,0,0.0,false,0
8053475328,2016-04-18,17076,1137,195,6,102,1440,0,0,0,0,0.0,0.0,0,0.0,false,0
8053475328,2016-04-19,15929,1152,191,7,90,1440,0,0,0,0,0.0,0.0,0,0.0,false,0
8053475328,2016-04-20,15108,1188,158,5,89,1440,1,486,493,0,0.0,0.0,0,0.0,false,0
8053475328,2016-04-21,16049,1164,170,6,100,1440,0,0,0,0,0.0,0.0,0,0.0,false,0
8053475328,2016-04-22,10520,1260,117,3,60,1440,0,0,0,0,0.0,0.0,0,0.0,false,0
8053475328,2016-04-23,22359,1078,223,14,125,1440,1,331,337,0,0.0,0.0,0,0.0,false,0
8053475328,2016-04-24,22988,1096,182,33,129,1440,0,0,0,0,0.0,0.0,0,0.0,false,0
8053475328,2016-04-25,20500,1104,209,9,118,1440,0,0,0,0,0.0,0.0,0,0.0,false,0
8053475328,2016-04-26,12685,1182,185,5,68,1440,0,0,0,0,0.0,0.0,0,0.0,false,0
8053475328,2016-04-27,12422,1187,183,10,60,1440,0,0,0,0,0.0,0.0,0,0.0,false,0
8053475328,2016-04-28,15447,1188,153,9,90,1440,0,0,0,0,0.0,0.0,0,0.0,false,0
8053475328,2016-04-29,12315,1215,159,8,58,1440,0,0,0,0,0.0,0.0,0,0.0,false,0
8053475328,2016-04-30,7135,1281,131,1,27,1440,0,0,0,0,0.0,0.0,0,0.0,false,0
8053475328,2016-05-01,1170,1389,51,0,0,1440,0,0,0,0,0.0,0.0,0,0.0,false,0
8053475328,2016-05-02,1969,1345,95,0,0,1440,0,0,0,0,0.0,0.0,0,0.0,false,0
8053475328,2016-05-03,15484,1166,165,22,87,1440,0,0,0,0,0.0,0.0,0,0.0,false,0
8053475328,2016-05-04,14563,1220,123,8,89,1440,0,0,0,0,0.0,0.0,0,0.0,false,0
8053475328,2016-05-05,14990,1208,130,9,93,1440,0,0,0,0,0.0,0.0,0,0.0,false,0
8053475328,2016-05-06,13953,1245,90,15,90,1440,0,0,0,0,0.0,0.0,0,0.0,false,0
8053475328,2016-05-07,19769,1151,148,20,121,1440,1,74,75,0,0.0,0.0,0,0.0,false,0
8053475328,2016-05-08,22026,1073,228,14,125,1440,0,0,0,0,0.0,0.0,0,0.0,false,0
8053475328,2016-05-09,12465,1214,148,12,66,1440,0,0,0,0,0.0,0.0,0,0.0,false,0
8053475328,2016-05-10,14810,1219,115,10,96,1440,0,0,0,0,0.0,0.0,0,0.0,false,0
8053475328,2016-05-11,12209,1189,184,7,60,1440,0,0,0,0,0.0,0.0,0,0.0,false,0
8053475328,2016-05-12,4895,830,38,4,28,900,0,0,0,0,0.0,0.0,0,0.0,false,0
8253242879,2016-04-12,9033,1244,154,2,40,1440,0,0,0,0,0.0,0.0,0,0.0,false,0
8253242879,2016-04-13,8053,1298,96,11,35,1440,0,0,0,0,0.0,0.0,0,0.0,false,0
8253242879,2016-04-14,5234,1362,33,16,29,1440,0,0,0,0,0.0,0.0,0,0.0,false,0
8253242879,2016-04-15,2672,1335,105,0,0,1440,0,0,0,0,0.0,0.0,0,0.0,false,0
8253242879,2016-04-16,9256,1268,115,51,6,1440,0,0,0,0,0.0,0.0,0,0.0,false,0
8253242879,2016-04-17,10204,1237,157,5,41,1440,0,0,0,0,0.0,0.0,0,0.0,false,0
8253242879,2016-04-18,5151,1278,130,16,16,1440,0,0,0,0,0.0,0.0,0,0.0,false,0
8253242879,2016-04-19,4212,1276,164,0,0,1440,0,0,0,0,0.0,0.0,0,0.0,false,0
8253242879,2016-04-20,6466,1201,216,18,5,1440,0,0,0,0,0.0,0.0,0,0.0,false,0
8253242879,2016-04-21,11268,1199,172,20,49,1440,0,0,0,0,0.0,0.0,0,0.0,false,0
8253242879,2016-04-22,2824,1320,120,0,0,1440,0,0,0,0,0.0,0.0,0,0.0,false,0
8253242879,2016-04-23,9282,1193,191,26,30,1440,0,0,0,0,0.0,0.0,0,0.0,false,0
8253242879,2016-04-24,8905,1313,82,4,41,1440,0,0,0,0,0.0,0.0,0,0.0,false,0
8253242879,2016-04-25,6829,1261,118,54,7,1440,0,0,0,0,0.0,0.0,0,0.0,false,0
8253242879,2016-04-26,4562,1299,108,14,19,1440,0,0,0,0,0.0,0.0,0,0.0,false,0
8253242879,2016-04-27,10232,1286,104,5,45,1440,0,0,0,0,0.0,0.0,0,0.0,false,0
8253242879,2016-04-28,2718,1393,20,16,11,1440,0,0,0,0,0.0,0.0,0,0.0,false,0
8253242879,2016-04-29,5937,1224,126,14,16,1380,0,0,0,0,0.0,0.0,0,0.0,false,0
8253242879,2016-04-30,0,0,0,0,0,0,0,0,0,0,0.0,0.0,0,0.0,false,0
8253242879,2016-05-01,0,0,0,0,0,0,0,0,0,0,0.0,0.0,0,0.0,false,0
8253242879,2016-05-02,0,0,0,0,0,0,0,0,0,0,0.0,0.0,0,0.0,false,0
8253242879,2016-05-03,0,0,0,0,0,0,0,0,0,0,0.0,0.0,0,0.0,false,0
8253242879,2016-05-04,0,0,0,0,0,0,0,0,0,0,0.0,0.0,0,0.0,false,0
8253242879,2016-05-05,0,0,0,0,0,0,0,0,0,0,0.0,0.0,0,0.0,false,0
8253242879,2016-05-06,0,0,0,0,0,0,0,0,0,0,0.0,0.0,0,0.0,false,0
8253242879,2016-05-07,0,0,0,0,0,0,0,0,0,0,0.0,0.0,0,0.0,false,0
8253242879,2016-05-08,0,0,0,0,0,0,0,0,0,0,0.0,0.0,0,0.0,false,0
8253242879,2016-05-09,0,0,0,0,0,0,0,0,0,0,0.0,0.0,0,0.0,false,0
8253242879,2016-05-10,0,0,0,0,0,0,0,0,0,0,0.0,0.0,0,0.0,false,0
8253242879,2016-05-11,0,0,0,0,0,0,0,0,0,0,0.0,0.0,0,0.0,false,0
8253242879,2016-05-12,0,0,0,0,0,0,0,0,0,0,0.0,0.0,0,0.0,false,0
8378563200,2016-04-12,7626,1204,156,15,65,1440,1,338,356,0,0.0,0.0,0,0.0,false,0
8378563200,2016-04-13,12386,1141,169,14,116,1440,2,447,487,0,0.0,0.0,0,0.0,false,0
8378563200,2016-04-14,13318,1122,174,21,123,1440,1,424,455,0,0.0,0.0,0,0.0,false,0
8378563200,2016-04-15,14461,1167,190,23,60,1440,1,513,533,0,0.0,0.0,0,0.0,false,0
8378563200,2016-04-16,11196,1213,142,21,64,1440,2,611,689,0,0.0,0.0,0,0.0,false,0
8378563200,2016-04-17,2132,1347,93,0,0,1440,2,525,591,0,0.0,0.0,0,0.0,false,0
8378563200,2016-04-18,13630,1139,174,10,117,1440,1,398,451,0,0.0,0.0,0,0.0,false,0
8378563200,2016-04-19,13070,1147,154,19,120,1440,1,387,421,0,0.0,0.0,0,0.0,false,0
8378563200,2016-04-20,9388,1181,169,8,82,1440,1,381,409,0,0.0,0.0,0,0.0,false,0
8378563200,2016-04-21,15148,1142,145,16,137,1440,1,396,417,0,0.0,0.0,0,0.0,false,0
8378563200,2016-04-22,12200,1156,159,12,113,1440,1,441,469,0,0.0,0.0,0,0.0,false,0
8378563200,2016-04-23,5709,1275,136,10,19,1440,1,565,591,0,0.0,0.0,0,0.0,false,0
8378563200,2016-04-24,3703,1305,135,0,0,1440,1,458,492,0,0.0,0.0,0,0.0,false,0
8378563200,2016-04-25,12405,1166,141,16,117,1440,1,388,402,0,0.0,0.0,0,0.0,false,0
8378563200,2016-04-26,16208,1171,161,18,90,1440,1,550,584,0,0.0,0.0,0,0.0,false,0
8378563200,2016-04-27,7359,1240,192,4,4,1440,1,531,600,0,0.0,0.0,0,0.0,false,0
8378563200,2016-04-28,5417,1280,139,10,11,1440,1,506,556,0,0.0,0.0,0,0.0,false,0
8378563200,2016-04-29,6147,1258,172,7,3,1440,1,527,562,0,0.0,0.0,0,0.0,false,0
8378563200,2016-04-30,2946,1319,121,0,0,1440,1,468,555,0,0.0,0.0,0,0.0,false,0
8378563200,2016-05-01,11419,1232,127,10,71,1440,1,475,539,0,0.0,0.0,0,0.0,false,0
8378563200,2016-05-02,6064,1231,142,4,63,1440,1,351,385,0,0.0,0.0,0,0.0,false,0
8378563200,2016-05-03,8712,1154,195,20,71,1440,1,405,429,0,0.0,0.0,0,0.0,false,0
8378563200,2016-05-04,7875,1244,167,10,19,1440,1,441,477,0,0.0,0.0,0,0.0,false,0
8378563200,2016-05-05,8567,1157,214,3,66,1440,1,381,417,0,0.0,0.0,0,0.0,false,0
8378563200,2016-05-06,7045,1195,166,5,74,1440,1,323,355,0,0.0,0.0,0,0.0,false,0
8378563200,2016-05-07,4468,1282,158,0,0,1440,2,459,513,0,0.0,0.0,0,0.0,false,0
8378563200,2016-05-08,2943,1301,139,0,0,1440,1,545,606,0,0.0,0.0,0,0.0,false,0
8378563200,2016-05-09,8382,1185,171,13,71,1440,1,359,399,0,0.0,0.0,0,0.0,false,0
8378563200,2016-05-10,6582,1212,152,13,63,1440,1,342,391,0,0.0,0.0,0,0.0,false,0
8378563200,2016-05-11,9143,1174,184,10,72,1440,1,368,387,0,0.0,0.0,0,0.0,false,0
8378563200,2016-05-12,3574,689,77,6,8,780,1,496,546,0,0.0,0.0,0,0.0,false,0
8583815059,2016-04-12,5014,1237,196,7,0,1440,0,0,0,0,0.0,0.0,0,0.0,false,0
8583815059,2016-04-13,5571,1252,163,23,2,1440,0,0,0,0,0.0,0.0,0,0.0,false,0
8583815059,2016-04-14,3118,1306,134,0,0,1440,0,0,0,0,0.0,0.0,0,0.0,false,0
8583815059,2016-04-15,1158,1375,65,0,0,1440,0,0,0,0,0.0,0.0,0,0.0,false,0
8583815059,2016-04-16,0,1440,0,0,0,1440,0,0,0,0,0.0,0.0,0,0.0,false,0
8583815059,2016-04-17,0,1440,0,0,0,1440,0,0,0,0,0.0,0.0,0,0.0,false,0
8583815059,2016-04-18,3481,1309,105,22,4,1440,0,0,0,0,0.0,0.0,0,0.0,false,0
8583815059,2016-04-19,5697,1257,166,10,7,1440,0,0,0,0,0.0,0.0,0,0.0,false,0
8583815059,2016-04-20,5273,1246,167,27,0,1440,0,0,0,0,0.0,0.0,0,0.0,false,0
8583815059,2016-04-21,8538,1229,158,18,35,1440,0,0,0,0,0.0,0.0,0,0.0,false,0
8583815059,2016-04-22,8687,1170,212,54,4,1440,0,0,0,0,0.0,0.0,0,0.0,false,0
8583815059,2016-04-23,9381,1151,238,44,7,1440,0,0,0,0,0.0,0.0,0,0.0,false,0
8583815059,2016-04-24,8286,1188,206,44,2,1440,0,0,0,0,0.0,0.0,0,0.0,false,0
8583815059,2016-04-25,4503,1294,122,6,18,1440,0,0,0,0,0.0,0.0,0,0.0,false,0
8583815059,2016-04-26,10499,1134,214,91,1,1440,0,0,0,0,0.0,0.0,0,0.0,false,0
8583815059,2016-04-27,12474,1229,129,5,77,1440,0,0,0,0,0.0,0.0,0,0.0,false,0
8583815059,2016-04-28,6174,1209,203,28,0,1440,0,0,0,0,0.0,0.0,0,0.0,false,0
8583815059,2016-04-29,15156,1069,258,67,46,1440,0,0,0,0,0.0,0.0,0,0.0,false,0
8583815059,2016-04-30,10085,1093,317,28,2,1440,0,0,0,0,0.0,0.0,0,0.0,false,0
8583815059,2016-05-01,3773,1311,117,2,10,1440,0,0,0,0,0.0,0.0,0,0.0,false,0
8583815059,2016-05-02,0,1440,0,0,0,1440,0,0,0,0,0.0,0.0,0,0.0,false,0
8583815059,2016-05-03,0,1440,0,0,0,1440,0,0,0,0,0.0,0.0,0,0.0,false,0
8583815059,2016-05-04,0,1440,0,0,0,1440,0,0,0,0,0.0,0.0,0,0.0,false,0
8583815059,2016-05-05,1507,1370,70,0,0,1440,0,0,0,0,0.0,0.0,0,0.0,false,0
8583815059,2016-05-06,5843,1250,166,22,2,1440,0,0,0,0,0.0,0.0,0,0.0,false,0
8583815059,2016-05-07,6117,1190,250,0,0,1440,0,0,0,0,0.0,0.0,0,0.0,false,0
8583815059,2016-05-08,9217,1183,182,72,3,1440,0,0,0,0,0.0,0.0,0,0.0,false,0
8583815059,2016-05-09,9834,1260,110,4,66,1440,0,0,0,0,0.0,0.0,0,0.0,false,0
8583815059,2016-05-10,8217,1226,162,43,9,1440,0,0,0,0,0.0,0.0,0,0.0,false,0
8583815059,2016-05-11,8597,1074,170,71,5,1320,0,0,0,0,0.0,0.0,0,0.0,false,0
8583815059,2016-05-12,0,0,0,0,0,0,0,0,0,0,0.0,0.0,0,0.0,false,0
8792009665,2016-04-12,2556,1324,116,0,0,1440,1,458,493,69,0.0,0.0,0,0.0,false,0
8792009665,2016-04-13,1320,1358,82,0,0,1440,1,531,552,69,0.0,0.0,0,0.0,false,0
8792009665,2016-04-14,1219,1356,84,0,0,1440,1,486,503,69,0.0,0.0,0,0.0,false,0
8792009665,2016-04-15,2483,1314,126,0,0,1440,1,363,377,67,0.0,0.0,0,0.0,false,0
8792009665,2016-04-16,244,1428,12,0,0,1440,0,0,0,0,0.0,0.0,0,0.0,false,0
8792009665,2016-04-17,0,1440,0,0,0,1440,0,0,0,0,0.0,0.0,0,0.0,false,0
8792009665,2016-04-18,0,1440,0,0,0,1440,0,0,0,0,0.0,0.0,0,0.0,false,0
8792009665,2016-04-19,0,1440,0,0,0,1440,0,0,0,0,0.0,0.0,0,0.0,false,0
8792009665,2016-04-20,3147,1291,139,10,0,1440,1,528,547,70,0.0,0.0,0,0.0,false,0
8792009665,2016-04-21,144,1431,9,0,0,1440,0,0,0,81,0.0,0.0,0,0.0,false,0
8792009665,2016-04-22,4068,1224,195,20,1,1440,1,391,407,70,0.0,0.0,0,0.0,false,0
8792009665,2016-04-23,5245,1155,232,45,8,1440,1,339,360,78,0.0,0.0,0,0.0,false,0
8792009665,2016-04-24,400,1410,19,8,3,1440,0,0,0,76,0.0,0.0,0,0.0,false,0
8792009665,2016-04-25,0,1440,0,0,0,1440,0,0,0,0,0.0,0.0,0,0.0,false,0
8792009665,2016-04-26,1321,1360,80,0,0,1440,0,0,0,70,0.0,0.0,0,0.0,false,0
8792009665,2016-04-27,1758,1328,112,0,0,1440,1,423,428,69,0.0,0.0,0,0.0,false,0
8792009665,2016-04-28,6157,1130,310,0,0,1440,1,402,416,77,0.0,0.0,0,0.0,false,0
8792009665,2016-04-29,8360,1040,380,14,6,1440,1,398,406,81,0.0,0.0,0,0.0,false,0
8792009665,2016-04-30,7174,1109,301,20,10,1440,1,343,360,81,0.0,0.0,0,0.0,false,0
8792009665,2016-05-01,1619,1361,79,0,0,1440,1,503,527,68,0.0,0.0,0,0.0,false,0
8792009665,2016-05-02,1831,1339,101,0,0,1440,1,415,423,67,0.0,0.0,0,0.0,false,0
8792009665,2016-05-03,2421,1284,156,0,0,1440,1,516,545,74,0.0,0.0,0,0.0,false,0
8792009665,2016-05-04,2283,1311,129,0,0,1440,1,439,463,75,0.0,0.0,0,0.0,false,0
8792009665,2016-05-05,0,1440,0,0,0,1440,0,0,0,0,0.0,0.0,0,0.0,false,0
8792009665,2016-05-06,0,1440,0,0,0,1440,0,0,0,0,0.0,0.0,0,0.0,false,0
8792009665,2016-05-07,0,1440,0,0,0,1440,0,0,0,0,0.0,0.0,0,0.0,false,0
8792009665,2016-05-08,0,1440,0,0,0,1440,0,0,0,0,0.0,0.0,0,0.0,false,0
8792009665,2016-05-09,0,1440,0,0,0,1440,0,0,0,0,0.0,0.0,0,0.0,false,0
8792009665,2016-05-10,0,0,0,0,0,0,0,0,0,0,0.0,0.0,0,0.0,false,0
8792009665,2016-05-11,0,0,0,0,0,0,0,0,0,0,0.0,0.0,0,0.0,false,0
8792009665,2016-05-12,0,0,0,0,0,0,0,0,0,0,0.0,0.0,0,0.0,false,0
8877689391,2016-04-12,23186,1036,312,7,85,1440,0,0,0,87,85.8,189.2,0,25.7,true,1460443631000
8877689391,2016-04-13,15337,1098,216,18,108,1440,0,0,0,85,84.9,187.2,0,25.4,true,1460530500000
8877689391,2016-04-14,21071,1061,298,13,68,1440,0,0,0,85,84.5,186.3,0,25.3,true,1460616523000
8877689391,2016-04-15,13375,1052,281,1,106,1440,0,0,0,92,0.0,0.0,0,0.0,false,0
8877689391,2016-04-16,29204,888,429,29,94,1440,0,0,0,92,85.5,188.5,0,25.6,true,1460813965000
8877689391,2016-04-17,15118,1060,307,15,58,1440,0,0,0,88,0.0,0.0,0,0.0,false,0
8877689391,2016-04-18,11409,1215,191,5,29,1440,0,0,0,66,85.8,189.2,0,25.7,true,1460962274000
8877689391,2016-04-19,18748,1131,214,13,82,1440,0,0,0,87,85.3,188.1,0,25.5,true,1461047971000
8877689391,2016-04-20,19881,1123,225,19,73,1440,0,0,0,85,84.9,187.2,0,25.4,true,1461134694000
8877689391,2016-04-21,19377,1119,226,13,82,1440,0,0,0,87,84.5,186.3,0,25.3,true,1461221427000
8877689391,2016-04-22,18225,1141,236,2,61,1440,0,0,0,83,0.0,0.0,0,0.0,false,0
8877689391,2016-04-23,11191,1032,300,6,102,1440,0,0,0,94,85.5,188.5,0,25.6,true,1461396148000
8877689391,2016-04-24,16660,1148,227,1,64,1440,0,0,0,87,85.5,188.5,0,25.6,true,1461483485000
8877689391,2016-04-25,12957,1101,218,8,113,1440,0,0,0,90,85.4,188.3,0,25.6,true,1461566416000
8877689391,2016-04-26,11070,1157,258,3,22,1440,0,0,0,68,85.1,187.6,0,25.5,true,1461653427000
8877689391,2016-04-27,23603,1104,235,8,93,1440,0,0,0,85,85.4,188.3,0,25.6,true,1461739865000
8877689391,2016-04-28,14885,1143,231,8,58,1440,0,0,0,67,85.1,187.6,0,25.5,true,1461826203000
8877689391,2016-04-29,9700,1207,210,5,18,1440,0,0,0,64,84.9,187.2,0,25.4,true,1461912595000
8877689391,2016-04-30,27710,1089,223,4,124,1440,0,0,0,102,85.5,188.5,0,25.6,true,1462002543000
8877689391,2016-05-01,10890,1226,166,12,36,1440,0,0,0,71,85.3,188.1,0,25.5,true,1462092469000
8877689391,2016-05-02,4699,1335,105,0,0,1440,0,0,0,66,0.0,0.0,0,0.0,false,0
8877689391,2016-05-03,10791,1189,229,3,19,1440,0,0,0,67,84.9,187.2,0,25.4,true,1462258181000
8877689391,2016-05-04,18165,1154,212,8,66,1440,0,0,0,88,84.4,186.1,0,25.3,true,1462344502000
8877689391,2016-05-05,14055,1170,188,15,67,1440,0,0,0,73,0.0,0.0,0,0.0,false,0
8877689391,2016-05-06,21622,1095,232,17,96,1440,0,0,0,93,85.0,187.4,0,25.4,true,1462517015000
8877689391,2016-05-07,12212,1036,271,28,105,1440,0,0,0,101,0.0,0.0,0,0.0,false,0
8877689391,2016-05-08,10665,1174,245,4,17,1440,0,0,0,73,85.4,188.3,0,25.6,true,1462692953000
8877689391,2016-05-09,20156,1131,217,19,73,1440,0,0,0,90,85.5,188.5,0,25.6,true,1462775984000
8877689391,2016-05-10,10693,1187,224,11,18,1440,0,0,0,72,0.0,0.0,0,0.0,false,0
8877689391,2016-05-11,21391,1127,213,12,88,1440,0,0,0,89,85.4,188.3,0,25.6,true,1462949507000
8877689391,2016-05-12,7120,699,117,1,23,840,0,0,0,71,84.0,185.2,0,25.1,true,1463035373000